Genotype	Score_nomet	Score_met	Difference	Contains_CpG
CCACTAGGGGGCGCAC	0.963636852	0.86739904	-0.09623781200000003	True
CCACTAGGGGGCGTAC	0.899312395	0.717839793	-0.18147260200000004	True
CCACTAGGGGGCGCTG	0.869822195	1.082659807	0.21283761199999995	True
CCACTAGGGGGCGCTC	0.866093328	1.193788966	0.327695638	True
CCACTAGGGGGCGTAG	0.859778522	0.803179546	-0.05659897600000008	True
CCACTAGGGGGCGCAA	0.840552472	0.880231682	0.039679209999999965	True
CCACTAGGGGGCGTAA	0.837216078	0.844953193	0.007737115000000072	True
CCACTAGGGGGCGCAT	0.804906102	0.888425152	0.08351905000000004	True
CCACTAGGGGGCGCCC	0.792238083	0.878480788	0.08624270499999998	True
CCACTAGGGGGCGTCC	0.777778009	0.709341866	-0.068436143	True
CCACTAGGGGGCGGTG	0.77683912	0.718406847	-0.05843227299999998	True
CCACTAGGGGGCGCAG	0.774655285	0.83863511	0.06397982499999999	True
CCACTAGGGGGCGTTG	0.766401196	0.854772854	0.08837165800000002	True
CCACTAGGGGGCGATG	0.75411981	0.784316568	0.0301967580000001	True
CCACTAGGGGGCGGTA	0.752796351	0.858858683	0.10606233200000004	True
CCACTAGGGGGCGCCT	0.752450701	0.81666848	0.06421777900000003	True
CCACTAGGGGGCAGCA	0.745856997	0.753771802	0.00791480500000008	False
CCACTAGGGGGCGTGG	0.745570084	0.782435837	0.036865752999999946	True
CCACTAGGGGGCGTTT	0.743685597	0.850673391	0.10698779399999991	True
CCACTAGGGGGCGAAA	0.733668378	0.502091944	-0.23157643399999994	True
CCACTAGGGGGCGCTA	0.732367894	1.023133827	0.2907659330000001	True
CCACTAGGGGGCGTGC	0.72627498	0.66057101	-0.06570397000000006	True
CCACTAGGGGGCAGTA	0.711588608	0.880699787	0.16911117899999994	False
CCACTAGGGGGCAGTG	0.709847828	0.776577808	0.06672997999999997	False
CCACTAGGGGGCGCGC	0.707239555	0.604757444	-0.10248211100000004	True
CCACTAGGGGGCGATC	0.705342454	0.869037847	0.16369539300000002	True
CCACTAGGGGGCGAAC	0.702827798	0.68961984	-0.013207957999999964	True
CCACTAGGGGGCGTGT	0.701068014	0.749036198	0.047968184000000025	True
CCACTAGGGGGCGACA	0.699270898	0.663114893	-0.036156004999999936	True
CCACTAGGGGGCGTCG	0.697815412	0.775385279	0.07756986700000001	True
CCACTAGGGGGCGCCG	0.697440875	0.854482445	0.15704157000000007	True
CCACTAGGGGGCGTAT	0.694658897	0.804806498	0.11014760099999998	True
CCACTAGGGGGCGTTC	0.693147181	0.825498632	0.132351451	True
CCACTAGGGGGCGCTT	0.686413148	0.969500793	0.28308764500000005	True
CCACTAGGGGGCGTCT	0.678460091	0.691709366	0.01324927499999995	True
CCACTAGGGGGCGTCA	0.668624127	0.815397229	0.14677310200000004	True
CCACTAGGGGGCGCCA	0.643925889	1.018420227	0.374494338	True
CCACTAGGGGGCAGGA	0.637884502	0.390394855	-0.24748964700000003	False
CCACTAGGGGGCGCGG	0.637140094	0.611098593	-0.026041501000000022	True
CCACTAGGGGGCATAC	0.632522559	0.667339297	0.03481673800000007	False
CCACTAGGGGGCGACT	0.623050884	0.678109303	0.05505841900000008	True
CCACTAGGGGGCGGCG	0.620016153	0.601797402	-0.018218751000000033	True
CCACTAGGGGGCGTTA	0.619455485	0.777136082	0.15768059699999992	True
CCACTAGGGGGCGACC	0.616513955	0.764839109	0.14832515400000001	True
CCACTAGGGGGCGCGT	0.61120627	0.716581773	0.10537550299999998	True
CCACTAGGGGGCGGAC	0.61106435	0.490303988	-0.12076036200000001	True
CCACTAGGGGGCGATA	0.609265697	0.802211765	0.19294606800000003	True
CCACTAGGGGGCGGTC	0.605822275	0.515433927	-0.09038834799999995	True
CCACTAGGGGGCAGCG	0.602283295	0.925230247	0.322946952	True
CCACTAGGGGGCGGAG	0.600040454	0.523904281	-0.07613617299999997	True
CCACTAGGGGGCAGAA	0.599938351	0.595122476	-0.004815875000000025	False
CCACTAGGGGGCGAAG	0.599404038	0.870554723	0.27115068500000006	True
CCACTAGGGGGCATAG	0.598789936	0.437213806	-0.16157612999999998	False
CCACTAGGGGGCGAAT	0.588067209	0.4507217	-0.13734550899999998	True
CCACTAGGGGGCGATT	0.583810517	0.681902082	0.09809156500000005	True
CCACTAGGGGGCATCA	0.579940812	0.575701926	-0.004238885999999997	False
CCACTAGGGGGCGTGA	0.575104775	0.682375084	0.10727030900000001	True
CCACTAGGGGGCATAA	0.563935449	0.468038349	-0.09589710000000001	False
CCACTAGGGGGCGGGG	0.551667469	0.353861416	-0.19780605299999998	True
CCACTAGGGGGCGCGA	0.547063817	0.600957128	0.053893311000000055	True
CCACTAGGGGGAGCTA	0.546801418	0.541311433	-0.005489985000000086	False
CCACTAGGGGGCGGCA	0.546367371	0.555572111	0.009204740000000045	True
CCACTAGGGGGCGACG	0.545663192	0.955148534	0.409485342	True
CCACTAGGGGGCGGAA	0.542628906	0.649662069	0.10703316299999999	True
CCACTAGGGGGCAGAG	0.539137257	0.717598276	0.178461019	False
CCACTAGGGGGCAGGC	0.518173831	0.395260938	-0.12291289300000002	False
CCACTAGGGGGCGGGA	0.51587614	0.313521803	-0.20235433700000005	True
CCACTAGGGGGCATCT	0.515772048	0.361947364	-0.153824684	False
CCACTAGGGGGCGGGC	0.512960747	0.384535085	-0.12842566200000005	True
CCACTAGGGGGCAATG	0.510825624	0.418204134	-0.09262148999999997	False
CCACTAGGGGGCGGAT	0.510081853	0.359536176	-0.150545677	True
CCACTAGGGGACGCTA	0.508797067	0.377433594	-0.13136347300000006	True
CCACTAGGGGGCGAGC	0.504265693	0.670157662	0.16589196900000003	True
CCACTAGGGGGCAGAC	0.497250755	0.520456517	0.023205761999999963	False
CCACTAGGGGGCAATA	0.495453844	0.670674325	0.17522048100000004	False
CCACTAGGGGGCCTAC	0.491642804	0.414810971	-0.07683183300000002	False
CCACTAGGGGTCGCTA	0.486420108	0.550934493	0.06451438499999995	True
CCACTAGGGGGCATCG	0.483264824	0.49586714	0.012602316000000002	True
CCACTAGGGGGCAGAT	0.481159123	0.389873013	-0.09128611000000003	False
CCACTAGGGGGCGGGT	0.478844217	0.28149461	-0.19734960700000004	True
CCACTAGGGGGCGGCC	0.472242158	0.411325317	-0.060916841	True
CCACTAGAGGGCACTA	0.472065035	0.620466659	0.14840162399999995	False
CCGCTAGGGGGCACTA	0.471531513	0.019169916	-0.452361597	True
CCACTAGGGGGCAGGG	0.471222398	0.422079641	-0.04914275699999998	False
CCACTAGGGGGCACTC	0.463635741	0.843580384	0.379944643	False
CCACTAGGGGGCAACA	0.460701237	0.575876309	0.11517507199999999	False
CCACTAGGGGGTGCTA	0.457662275	0.707187973	0.24952569800000002	False
CCACTAGGGGGCAGTT	0.457137119	0.481838087	0.024700968000000045	False
CCACTAGGGGGCGGTT	0.451985124	0.617391638	0.16540651399999995	True
CCACTAGGGGGCGAGG	0.450700877	0.468074457	0.01737358	True
CCACTAGGGGGCATAT	0.449776154	0.53369641	0.08392025600000003	False
CCACTAGGGGGCCACA	0.448131554	0.314868213	-0.13326334099999998	False
CCACTAGGGGGCACTA	0.446917902	0.712389176	0.265471274	False
CCACTAGGGGGCATTG	0.445616487	0.698053159	0.252436672	False
CCACTAGGGGGCGGCT	0.438834249	0.290544943	-0.148289306	True
CCACTAGGGGGCAAAG	0.438076694	0.113114804	-0.32496189	False
CCACTAGGGGGCAGGT	0.436150919	0.370639484	-0.065511435	False
CCACTAGGGGGCACCA	0.434096921	0.453393575	0.01929665399999997	False
CCACTAGGGGGCACTG	0.433908781	0.794199788	0.360291007	False
CCACTAGGGGGCAGTC	0.431877208	0.678165627	0.24628841900000004	False
CCACTAGGGGGCATGA	0.425425851	0.536378698	0.11095284700000002	False
CCACTAGGGGGCGAGA	0.42459559	0.616360037	0.19176444699999995	True
CCACTAGGGGGCAAAC	0.423614427	0.336472237	-0.08714219000000001	False
CCACTAGGGGGCAAAT	0.416394179	0.356016833	-0.060377346	False
ACACTAGGGGGCACTA	0.414433778	0.259282598	-0.15515118	False
CCACTAGGGGGCGAGT	0.412665859	0.448455293	0.03578943399999995	True
CCACTAGGGGGCAACT	0.405465108	0.194488296	-0.210976812	False
CCACTAGGGGGCCGCG	0.404368015	0.291485805	-0.11288221000000004	True
CCACTAGGGGGCAGCT	0.401282252	0.271595935	-0.129686317	False
CCACTAGGGGGCATTT	0.399904389	0.425919356	0.026014967	False
CCACTAGGGGGCATGG	0.399348881	0.495250412	0.09590153099999998	False
CCACTAGGGGGCTCTG	0.394359492	0.454395732	0.06003624000000002	False
CCACTAGGGGGCCTTA	0.390790697	0.426742507	0.03595180999999997	False
CCACTAGGGGGCATTA	0.385432128	0.498866283	0.11343415500000004	False
CCACTAGGGGGCTCTC	0.381934611	0.337027947	-0.044906663999999985	False
CCACTAGGGGGCCAGA	0.375484276	0.126381541	-0.24910273500000002	False
CCACTAGGGGGCACAC	0.370261473	0.434376452	0.06411497900000002	False
CCACTAGGGGGCCATG	0.36772478	0.095635966	-0.27208881399999996	False
CCACTAGGGGGCATGC	0.367365262	0.31877266	-0.04859260200000004	False
CCACTAGGTGGCACTA	0.36639896	0.542057753	0.17565879300000004	False
CCACTAGGGGGCAACG	0.362595624	0.670332503	0.307736879	True
CCACTAGGGGGCAACC	0.362292936	0.253448901	-0.108844035	False
CCACTAGGGGGCACTT	0.359939365	0.38538174	0.02544237499999996	False
CCACTAGGGGGGGCTA	0.359807756	0.59562533	0.23581757399999997	False
CCACTAGGGGGCTCAG	0.356280389	0.311855609	-0.04442478	False
CCACTAGGGGGCCACC	0.354335762	0.309564784	-0.04477097800000002	False
CCACTAGGGGCGCCTA	0.353861416	0.155157628	-0.198703788	True
CCACTAGGGGGCCCAT	0.351681655	0.177806876	-0.17387477899999998	False
CCACTAGGGGGCACAG	0.350549351	0.455062049	0.10451269800000001	False
CCACTAGGGGGCCAAC	0.350087639	0.202940844	-0.147146795	False
CCACTAGGGGGCCTCT	0.345437252	0.163551454	-0.18188579799999996	False
CCACTAGGGGCCGCTA	0.345308191	0.261245867	-0.08406232399999997	True
CCACAAGGGGGCACTA	0.345246248	0.445311017	0.100064769	False
CCACTAGGGGGCTTAG	0.343198719	0.166345953	-0.176852766	False
CCACTAGGGGGCCATT	0.339543387	0.132598121	-0.20694526599999996	False
CCACTAGGGGGCTTAA	0.337216008	0.067510292	-0.26970571600000004	False
CCACTAGGGGGCAGCC	0.334684926	0.417623313	0.082938387	False
CCACTAGGGGGCACCG	0.334343066	0.593225156	0.25888209	True
CCACTAGGGAGCGCTA	0.332005874	0.452884809	0.12087893500000002	True
CCACTAGATGGCACTA	0.331135333	0.474772692	0.14363735900000002	False
CCACTAGGGGGCCTGG	0.330899898	0.116903141	-0.21399675700000004	False
CCACTAGGGGTCACTA	0.330497611	0.344364571	0.013866959999999984	False
CCACTAGGGGGCACCC	0.327906874	0.495169727	0.167262853	False
CCACTAGGGGGCTAAC	0.326550941	0.070489878	-0.256061063	False
CCACCAGGGGGCACTA	0.32213246	0.625374565	0.303242105	False
CCACTAGGGGGCACGA	0.319123598	0.039845909	-0.279277689	True
CCACTAGGGGGCAATT	0.317172501	0.322629103	0.005456601999999977	False
CCACTAGGGGGCTAAT	0.314381279	0.194394138	-0.11998714100000002	False
CCACTAGGGGGCAAAA	0.313140005	0.268263987	-0.04487601800000002	False
CCAGTAGGGGGCACTA	0.312447057	0.480378039	0.167930982	False
CCACTAGGGGGCACCT	0.312374685	0.298855373	-0.013519312000000006	False
CCACTAGGGGGCTAGA	0.307722823	-0.073834262	-0.38155708499999996	False
CCACTAGGGGGCTATT	0.307314017	0.165985137	-0.14132888	False
CCACTAGGGGGCTCAA	0.306913434	0.34958465	0.04267121600000001	False
CCACTAGGGGGCACAT	0.305546625	0.446708067	0.14116144199999997	False
CCGGTAGGGGGCACTA	0.30495825	-0.441832752	-0.7467910019999999	True
CCACTAGGGGGCTACT	0.304295873	0.179340929	-0.12495494399999998	False
CCACTAGGGGGCCTAG	0.297116105	0.203340924	-0.09377518100000001	False
CCACTAGGGGGCCTAT	0.296619911	0.30985593	0.013236018999999988	False
CCACTAGGGGGCCAAG	0.296020417	0.085417751	-0.210602666	False
ACGCTAGGGGGCACTA	0.295270933	0.021506205	-0.273764728	True
CCACTAGGGTGCGCTA	0.294405293	0.516560539	0.22215524599999997	True
CCACTAGGGGGCATGT	0.292029178	0.255316788	-0.036712389999999984	False
CCACTAGGGGGCCAAT	0.289293676	0.244598486	-0.044695189999999996	False
GCGCTAGGGGGCACTA	0.288782788	-0.244196961	-0.532979749	True
CCACTAGGGGGCAATC	0.286788816	0.505844293	0.219055477	False
CCACTAGGGGGCTCCG	0.28667553	0.022989518	-0.263686012	True
CCACTAGGGGGCCGTG	0.285649846	0.321130007	0.03548016100000001	True
CCACTAGGGGGCAAGC	0.285081291	0.158748389	-0.12633290200000002	False
CCACTAGGGGGCCTTT	0.284451052	0.251000506	-0.03345054599999997	False
CCACTAGGGGGCTAAG	0.28291789	0.273836666	-0.009081223999999999	False
CCACTAGGGGGCCGCA	0.280200023	0.141186444	-0.13901357900000003	True
CCACTAGGGGGCCCTG	0.279008199	0.414048852	0.135040653	False
CCTCTAGGGGGCACTA	0.27684773	0.739908946	0.463061216	False
CCACTAGGGGGCCCCA	0.274436846	0.184192465	-0.09024438100000001	False
CCACTAGGGGGCCACT	0.27369583	0.147760882	-0.12593494799999996	False
CCACTAGGGGGCTTCA	0.271496748	0.212813702	-0.058683046000000016	False
CCACTAGGGGGCCACG	0.269332934	0.3791478	0.10981486599999996	True
CCACTAGGGGGCCTCG	0.268889573	0.444450555	0.17556098200000003	True
CCACTAGGGGGCTCCA	0.267160437	0.16034265	-0.10681778699999997	False
CCACTAGGGGGCTGAG	0.264918001	-0.036988569	-0.30190657	False
CCACTAGGGGGCCTGA	0.263228195	0.114410351	-0.148817844	False
CCACTAGGGGGCTATA	0.259294311	0.221852396	-0.03744191499999999	False
CCACTAGGGGGCCATA	0.258181408	0.256719847	-0.0014615610000000001	False
CCACTAGGGGGCAAGT	0.255506428	0.270086311	0.014579883000000016	False
CCACTAGGGGGCCGAG	0.254979202	0.035214906	-0.21976429600000003	True
CCACTAGGGGGCTTAT	0.254721587	0.256578327	0.0018567399999999679	False
CCACTAGGGGGCCTTG	0.251957412	0.187284346	-0.064673066	False
CCACTAGGGGGCCCTA	0.251699355	0.289404726	0.03770537099999999	False
CCACTAGGGGGCCATC	0.250083659	0.125820173	-0.124263486	False
CCACTAGGGGGCCCAG	0.24932833	0.122167634	-0.127160696	False
CCAATAGGGGGCACTA	0.248461359	0.323885121	0.075423762	False
CCACTAGGGGGCAAGA	0.247516031	0.183138217	-0.064377814	False
CCACTAGGGCGCGCTA	0.2474952	0.338576024	0.09108082399999998	True
CCACTAGGAGGCACTA	0.246345654	0.127364878	-0.11898077600000001	False
CCACTAGGGGGCTTCT	0.245302849	0.09531018	-0.149992669	False
CCACTAGGGGGCTACA	0.244649757	0.201164645	-0.04348511199999999	False
CCACTAGGGGGCCGGT	0.244356948	0.112673163	-0.131683785	True
CCACTAGGGGGCTTCG	0.242769516	0.208799682	-0.033969834000000004	True
CCACTAGGGGGCACGC	0.242313467	0.13626488	-0.106048587	True
CCACTAGGCGGCACTA	0.240923757	-0.025001302	-0.26592505899999996	True
CCACTAGGGGGCACAA	0.240871655	0.697448262	0.456576607	False
CCACTAGGGGGCTCTA	0.240690561	0.254874015	0.014183454000000012	False
CCAGCAGGGGGCACTA	0.240259394	0.466962573	0.226703179	False
CCACTAGGGGGCTGTG	0.23944155	0.082037194	-0.15740435600000002	False
CCGATAGGGGGCACTA	0.23916361	-0.322468189	-0.561631799	True
CCACTAGGGGGCTTTG	0.237217279	0.210031138	-0.027186140999999997	False
CCACTAGGGGGCCCTT	0.23697503	0.188052232	-0.04892279799999999	False
CCACTAGGGGGCATTC	0.233400051	0.420441562	0.187041511	False
CCACTAGGGGGCCCCC	0.231801614	0.497838428	0.266036814	False
CCACTAGGGGGCCTAA	0.231687803	0.086568016	-0.145119787	False
CCACTAGGGGGCTTTA	0.229283496	0.213745407	-0.015538089000000005	False
CCACTAGGGGGCCGAA	0.227664063	0.290744862	0.06308079899999999	True
CCACTAGGGGGCTCCC	0.227250333	0.198237012	-0.02901332100000001	False
CCACTAGGGGGCTCTT	0.225025019	0.38189194	0.156866921	False
CCACTAGGGGGCTATG	0.223892335	0.169136551	-0.054755784	False
CCACTAGGGGGCTAAA	0.223840173	0.234572247	0.010732074000000008	False
CCACTAGGGGGCTGAA	0.223143551	0.225630084	0.002486533000000013	False
CCACTAGGGGGCTACG	0.222796871	0.157806991	-0.06498988	True
CCACTAGGGGGCCAGT	0.222779186	0.083252983	-0.139526203	False
CCACTAGGGGGCCCAA	0.217912502	0.141499562	-0.07641294000000001	False
CCACTAGGGGGCCGTA	0.216179294	0.204794413	-0.011384880999999986	True
CCACTAGGGGGCACGT	0.215407281	0.123753203	-0.091654078	True
CCACTAGGGGGCTGTA	0.212399012	0.295139229	0.082740217	False
CCACTAGGGGGCCGCT	0.210156356	0.120781539	-0.089374817	True
CCACTAGGGGGCATCC	0.2095173	0.335538094	0.12602079400000002	False
CCACTAGGGGGCCCCT	0.209254439	0.285613819	0.07635938	False
CCACTAGGGGGCCCAC	0.205369952	0.315516871	0.11014691899999998	False
CCACTAGGGGGCCCTC	0.203983054	0.53280453	0.32882147600000006	False
CCACTAGGGGGCCTCA	0.203761888	0.426929347	0.223167459	False
CCACTAGGGGGCTTTT	0.195424782	0.244757028	0.049332245999999996	False
CCACTAGGGGGCCGTC	0.194280897	0.069409451	-0.12487144600000001	True
TCAATAGGGGGCACTA	0.192452275	0.141775462	-0.050676813000000015	False
CCACTAGGGGGCTTAC	0.192292776	0.30538165	0.113088874	False
CCACTAGGGGGCCGGG	0.191934815	0.067320164	-0.124614651	True
CCACTAGGGGGCCAAA	0.191617298	0.235038339	0.04342104100000002	False
ACTCTAGGGGGCACTA	0.190716827	0.316197243	0.125480416	False
CCACTAGGGGGCCCGA	0.190574699	-0.016667052	-0.20724175099999997	True
CCACTAGGGGGCTGTC	0.190418767	0.066894235	-0.12352453199999999	False
CCACTAGGGGGCCTCC	0.189620859	0.267879445	0.07825858599999999	False
CCACTAGGGGCGTCTA	0.188671874	-0.030572089	-0.219243963	True
CCACTAGGGGGCTTTC	0.183832131	0.020253857	-0.16357827400000002	False
CCACTAGGGGGCCGTT	0.183546297	0.19054239	0.006996093000000009	True
CCCCTAGGGGGCACTA	0.180852049	0.214011068	0.03315901900000001	False
CCACTAGGGGGCCGAT	0.178777548	0.208443762	0.029666213999999996	True
CCACTAGGGGACACTA	0.178624695	0.044451763	-0.134172932	False
CCACTAGGGGGCTGCT	0.177813304	-0.038558994	-0.21637229800000002	False
CCACTAGGGGGCTGTT	0.17739753	-0.023927954	-0.201325484	False
CCACTAGGGGGCCTGC	0.175749792	0.093401175	-0.08234861699999999	False
CCACTAGGGGGCCTTC	0.174941449	0.386867784	0.211926335	False
CCACTAGGGGGCCTGT	0.171776644	0.206132205	0.03435556100000001	False
TCGATAGGGGGCACTA	0.165896677	-0.18672685	-0.352623527	True
CCACTAGGGGGCTCGG	0.1639906	0.023992427	-0.13999817299999998	True
CCTATAGGGGGCACTA	0.163934931	0.289633293	0.125698362	False
TCGCTAGGGGGCACTA	0.163917442	-0.09531018	-0.259227622	True
CCACTAGTGGGCACTA	0.163887855	0.300532557	0.13664470199999998	False
CCACTAGGGGGCCGGA	0.163745171	0.13737673	-0.026368440999999992	True
CCACTAGGGGGCCGAC	0.162204415	0.15415068	-0.008053734999999979	True
GCGATAGGGGGCACTA	0.16193282	-0.090246878	-0.252179698	True
CCACTAGGGGGCCGCC	0.16148747	0.268782121	0.10729465099999999	True
GCACTAGGGGGCACTA	0.161440181	0.182321557	0.020881376000000007	False
CCACTAGGGGGCTGAT	0.161089337	-0.063513406	-0.224602743	False
CCACTAGGGGGCTGCA	0.160162259	0.121360857	-0.038801402	False
CCTGTAGGGGGCACTA	0.159213982	0.556655746	0.397441764	False
CCAGAAGGGGGCACTA	0.158670069	0.151549898	-0.0071201710000000085	False
CCACTAGGGGGCTCAT	0.158334113	0.266404674	0.10807056100000001	False
CCACTAGGGGGCTCAC	0.157903029	0.395670711	0.237767682	False
CCACTAGGGGGCTATC	0.152605084	0.078404706	-0.074200378	False
CCACTAGGGGCAGCTA	0.148467997	-0.051641909	-0.200109906	False
CCACTAGGGGGCTAGT	0.147474825	0.110570799	-0.036904026000000006	False
CCACTAGGGGGCTTGA	0.144665942	0.063968883	-0.08069705899999999	False
CCACTAGGGGGCCCGT	0.144427984	0.021681066	-0.12274691800000001	True
ATTCTAGGGGGCACTA	0.136503163	-0.376051223	-0.512554386	False
ACGATAGGGGGCACTA	0.133531393	0.014184635	-0.119346758	True
CCACTAGGGGGCTGCG	0.130574269	0.101052607	-0.02952166199999999	True
CCACTGGGGGGCACTA	0.129065752	0.217520294	0.088454542	False
CCACTAGGGGGCACGG	0.126751706	0.161690772	0.03493906600000002	True
CCACTAGGGGCGACTA	0.126140096	-0.139529411	-0.265669507	True
CCACTAGGGGGCCCGC	0.125337678	0.204646844	0.07930916599999999	True
CCACTAGGGGGCCAGG	0.125253359	0.103598401	-0.021654958000000002	False
CCACTAGGGGGCTGGA	0.122788409	-0.002574004	-0.125362413	False
CCACTAGGGGGCTAGG	0.121540085	0.024631787	-0.096908298	False
CCACTAGGGGGCCCCG	0.121160101	0.459916428	0.33875632699999997	True
CCACTAGGGGGCTCCT	0.117783036	0.053042736	-0.0647403	False
CCACTAGGGGGCTGAC	0.116703705	0.019881371	-0.09682233400000001	False
CCACTAGGGGGCTTGG	0.115382074	-0.043017385	-0.158399459	False
CCACTAGGGGGCTCGC	0.10473532	0.027822506	-0.07691281400000001	True
CCACTAGGGGGCAAGG	0.103540679	0.073122265	-0.03041841399999999	False
CCCATAGGGGGCACTA	0.102947969	0.316517622	0.213569653	False
CCACTAGGGGGCTCGT	0.100936953	0.193762907	0.09282595400000002	True
CCACTAGGGGGCTACC	0.100418748	0.15415068	0.05373193200000001	False
CCACTAGGGGGTACTA	0.100041354	0.037155977	-0.06288537699999999	False
CCACTAGGGGGCCGGC	0.099318201	-0.099558593	-0.198876794	True
GCAGTAGGGGGCACTA	0.09627683	0.063083975	-0.03319285499999999	False
CCACGAGGGGGCACTA	0.093703431	-0.107369465	-0.201072896	True
TCGGTAGGGGGCACTA	0.091995367	-0.235652401	-0.327647768	True
ACAATAGGGGGCACTA	0.091667189	-0.093090423	-0.18475761200000002	False
CCACACGGGGGCACTA	0.091137712	-0.141807302	-0.232945014	True
CCACTAGGGGGCTCGA	0.090806448	0.009273637	-0.081532811	True
TAAATAGGGGGCACTA	0.0907921	-0.051672011	-0.142464111	False
CCACTAGGGGGCTTGT	0.08843415	0.110693093	0.022258943000000003	False
CCACTAGGGGCGGCTA	0.08802424	-0.197196747	-0.285220987	True
CCACTAGGGGGCTGCC	0.087169492	-0.027028672	-0.114198164	False
TCACTAGGGGGCACTA	0.081678031	0.194156014	0.11247798299999999	False
CCATTAGGGGGCACTA	0.079812786	0.2961783	0.216365514	False
ACTGTAGGGGGCACTA	0.079137321	0.05487661	-0.024260710999999997	False
TTTATAGGGGGCACTA	0.074297924	-0.074801213	-0.149099137	False
CCTTTAGGGGGCACTA	0.071926418	-0.016000341	-0.08792675900000001	False
TTGATAGGGGGCACTA	0.063987709	-0.15415068	-0.21813838900000002	False
CCACTAGGGGGCTGGG	0.063490995	-0.094730973	-0.158221968	False
CCACTAGGGGGCTAGC	0.063137336	-0.020690393	-0.083827729	False
CCACTAGGGGGCCAGC	0.062913825	-0.0	-0.062913825	False
CACCTAGGGGGCACTA	0.061485084	0.192077732	0.130592648	False
TAGGTAGGGGGCACTA	0.06012173	-0.021978907	-0.082100637	False
CATATAGGGGGCACTA	0.0588405	-0.183519879	-0.242360379	False
CCACTAGGGGGCTTGC	0.058080838	-0.084307106	-0.14238794400000002	False
CCACTAGGGGGGCCTA	0.054546263	-0.207116215	-0.261662478	False
CCACATGGGGGCACTA	0.051055171	0.182636567	0.131581396	False
AATATAGGGGGCACTA	0.046988509	-0.205852054	-0.252840563	False
ACGGTAGGGGGCACTA	0.045462374	-0.205095481	-0.250557855	True
TCTATAGGGGGCACTA	0.042439183	-0.145953913	-0.18839309599999998	False
CCACTAGGGGATGCTA	0.041781534	-0.015037877	-0.056819411	False
CCACTAGGGGCATCTA	0.04147865	-0.103253033	-0.144731683	False
ACTATAGGGGGCACTA	0.03993271	-0.021202208	-0.061134918	False
AAGCTAGGGGGCACTA	0.039609138	-0.285561181	-0.325170319	False
GCGGTAGGGGGCACTA	0.039392402	-0.363442118	-0.40283452	True
GCTCTAGGGGGCACTA	0.038374013	-0.034289073	-0.072663086	False
AATCTAGGGGGCACTA	0.036904557	-0.109484233	-0.14638879	False
TAATTAGGGGGCACTA	0.035892923	-0.136859183	-0.172752106	False
CCACTAGGGGGGACTA	0.032019811	-0.137171202	-0.169191013	False
CCACTAGGGGCCACTA	0.030975928	0.049802822	0.018826893999999997	False
CCACTAGGGTGTGCTA	0.02956155	0.020447997	-0.009113553	False
CCACTAGGGGGAACTA	0.026160826	0.061204567	0.035043741	False
CCACTAGGGGAGCCTA	0.020976601	-0.072550891	-0.093527492	False
CTAATAGGGGGCACTA	0.019194447	-0.310154928	-0.329349375	False
CCAACAGGGGGCACTA	0.015703392	0.177983155	0.162279763	False
CCACTAGGGGGCTGGC	0.01063032	-0.141078598	-0.151708918	False
TACATAGGGGGCACTA	0.007633625	-0.249563114	-0.257196739	False
CCACTAGGGGGACCTA	0.004948056	-0.068337778	-0.07328583400000001	False
CAAATAGGGGGCACTA	0.003929278	-0.144394505	-0.14832378300000001	False
CCACTAGGGGGGTCTA	0.003662492	-0.095512629	-0.099175121	False
ATGATAGGGGGCACTA	0.002378122	-0.126381541	-0.128759663	False
CCACTAGGGGGCCCGG	0.001609011	0.072710348	0.071101337	True
TCAGTAGGGGGCACTA	-0.002234638	-0.042559614	-0.040324976000000005	False
AGCATAGGGGGCACTA	-0.005434796	-0.019293203	-0.013858406999999998	False
CCACTAGGGGGCTTCC	-0.005633818	0.004376375	0.010010193	False
CAACTAGGGGGCACTA	-0.00900907	0.129534052	0.13854312200000002	False
CCACTAGGGGTAGCTA	-0.011899843	-0.051871831	-0.039971988	False
CCACTAGGGGGATCTA	-0.011995782	-0.077625162	-0.06562938	False
CCACTAGAGTGCACTA	-0.012028576	-0.161731695	-0.149703119	False
CACGTAGGGGGCACTA	-0.012578782	-0.186775907	-0.17419712499999998	True
CCACTTGGGGGCACTA	-0.013060699	0.013187004	0.026247703	False
CCACTAGTAGGCACTA	-0.014875883	-0.221307004	-0.206431121	False
CCACTAGGGGCACCTA	-0.015504187	-0.068823222	-0.053319035	False
CACATAGGGGGCACTA	-0.01754431	-0.134656885	-0.117112575	False
CCATAAGGGGGCACTA	-0.019824438	0.143752947	0.163577385	False
CCACTAGGGGGCTGGT	-0.019872074	-0.26268077	-0.24280869600000002	False
AAAGTAGGGGGCACTA	-0.01991531	-0.193290588	-0.17337527800000002	False
ATTATAGGGGGCACTA	-0.02092752	-0.351630797	-0.330703277	False
CCACTAGGGCGCACTA	-0.020959635	-0.053829041	-0.032869406000000004	True
CAGCTAGGGGGCACTA	-0.021116923	0.201482055	0.222598978	False
CCACTAGGGGAGGCTA	-0.022083599	-0.174504891	-0.15242129199999999	False
CCACTAGGGTTCGCTA	-0.022557347	-0.240266312	-0.217708965	True
CCACTAGGGAGTGCTA	-0.023914596	-0.118029371	-0.094114775	False
CGGATAGGGGGCACTA	-0.024753739	-0.205095481	-0.180341742	True
TAACTAGGGGGCACTA	-0.025317808	-0.114410351	-0.089092543	False
TCCCTAGGGGGCACTA	-0.025317808	-0.267595314	-0.24227750599999998	False
CCACTAGGGGTGGCTA	-0.025399906	-0.192770973	-0.167371067	False
TTCGTAGGGGGCACTA	-0.026609109	-0.330460194	-0.30385108499999997	True
CCACTAGGGGCTGCTA	-0.027368977	-0.217697817	-0.19032884	False
CCACAGGGGGGCACTA	-0.028607434	0.10590091	0.134508344	False
CCACTAGTTGGCACTA	-0.029724519	-0.146100293	-0.11637577399999999	False
AATGTAGGGGGCACTA	-0.02992168	-0.313161158	-0.283239478	False
CCACTAGGGGACTCTA	-0.031529705	-0.181558489	-0.150028784	False
AAGATAGGGGGCACTA	-0.034217957	-0.09531018	-0.061092222999999994	False
AGCCTAGGGGGCACTA	-0.034486176	0.110348057	0.144834233	False
AAACTAGGGGGCACTA	-0.035878288	0.027908788	0.063787076	False
ACAGTAGGGGGCACTA	-0.039635307	-0.005571045	0.034064262	False
CCACTAGGGTGCACTA	-0.040076076	-0.078017888	-0.03794181199999999	False
CCACTAGGGTACGCTA	-0.04092027	-0.227611169	-0.186690899	True
CCACCGGGGGGCACTA	-0.042435043	0.186212612	0.228647655	True
TCGTTAGGGGGCACTA	-0.043280508	-0.101420178	-0.05813967	True
AAATTAGGGGGCACTA	-0.04428768	-0.443931389	-0.399643709	False
CCACTAGGGAGCACTA	-0.04541451	-0.158224005	-0.11280949500000001	False
CCACTAGGGGCAACTA	-0.046901914	-0.039220713	0.0076812010000000056	False
CCACTAGTCGGCACTA	-0.047006042	-0.422510975	-0.375504933	True
GTGATAGGGGGCACTA	-0.047811727	-0.120534069	-0.072722342	False
CCACTAGGGGTGTCTA	-0.050365712	-0.167528388	-0.117162676	False
CCACTAGGGGTCCCTA	-0.050430854	-0.137563656	-0.08713280200000001	False
ATGCTAGGGGGCACTA	-0.05051579	-0.140490363	-0.089974573	False
CCACTAGGGGAGTCTA	-0.053006578	-0.146265716	-0.09325913799999999	False
CCACTAGAAGGCACTA	-0.055336832	-0.324550072	-0.26921324	False
CCACTAGGGGAATCTA	-0.055625063	-0.205539847	-0.149914784	False
TGCCTAGGGGGCACTA	-0.055907632	-0.074107972	-0.018200339999999995	False
CCAAAAGGGGGCACTA	-0.056399688	-0.002989539	0.053410149000000004	False
CCACTAGGGGTCTCTA	-0.059118867	-0.133363142	-0.074244275	False
CCACGTGGGGGCACTA	-0.059514128	-0.276377408	-0.21686328	True
CATCTAGGGGGCACTA	-0.060624622	-0.087011377	-0.026386754999999998	False
AAAATAGGGGGCACTA	-0.061154423	-0.17022115	-0.10906672699999999	False
CCACTAGGGGCCCCTA	-0.061368946	-0.340562222	-0.27919327600000005	False
ACCATAGGGGGCACTA	-0.062242309	-0.420850027	-0.358607718	False
AAGGTAGGGGGCACTA	-0.063903802	-0.297251523	-0.233347721	False
ACCGTAGGGGGCACTA	-0.065644104	-0.080688911	-0.015044807000000007	True
TTTCTAGGGGGCACTA	-0.066249386	-0.271933715	-0.20568432900000003	False
CCACTAGGGACACCTA	-0.066425476	-0.319880604	-0.25345512800000003	False
TCCATAGGGGGCACTA	-0.066939483	-0.030077455	0.03686202799999999	False
CCACTAGAGCGCACTA	-0.068503754	-0.207279415	-0.138775661	True
GACCTAGGGGGCACTA	-0.06854232	-0.055059777	0.013482543000000007	False
CCACTAGGGGTGCCTA	-0.069324125	-0.175641217	-0.10631709199999999	False
CCGTTAGGGGGCACTA	-0.070380797	-0.375159759	-0.304778962	True
AGTATAGGGGGCACTA	-0.070808134	-0.14146552	-0.07065738600000002	False
TCTCTAGGGGGCACTA	-0.071825735	-0.235905803	-0.164080068	False
CCACTAGGGTGAGCTA	-0.072693211	-0.15395086	-0.081257649	False
CCACTAGGGGTTGCTA	-0.073532883	-0.116971677	-0.043438794	False
CCACTAAGGGGCACTA	-0.07358077	-0.240357037	-0.16677626699999998	False
CCACTAGGGGAAGCTA	-0.076360431	-0.088429673	-0.012069241999999994	False
CCACTAGGGGAGACTA	-0.078794528	-0.256768726	-0.177974198	False
TAGATAGGGGGCACTA	-0.079111002	-0.016620881	0.062490120999999996	False
CCACTAGAGAGCACTA	-0.082847183	-0.262364264	-0.17951708100000002	False
CCACTAGGGAGAGCTA	-0.084161792	-0.235828711	-0.151666919	False
ATAATAGGGGGCACTA	-0.084557388	-0.044451763	0.040105625	False
CCACTAGGGACCGCTA	-0.08721661	-0.253534185	-0.16631757500000002	True
CAGATAGGGGGCACTA	-0.088107268	-0.006920443	0.081186825	False
GTCCTAGGGGGCACTA	-0.088509825	-0.323787077	-0.235277252	False
CCACTAGGGGCTACTA	-0.089369313	-0.287174844	-0.19780553099999998	False
CGACTAGGGGGCACTA	-0.089516598	-0.381116079	-0.291599481	True
CCACTAGGGGAAACTA	-0.090971778	-0.263689646	-0.172717868	False
CCAGAGGGGGGCACTA	-0.091304253	-0.09835932	-0.007055066999999998	False
CCACTAGGGGGTCCTA	-0.091784912	-0.337267782	-0.24548287000000002	False
CTGATAGGGGGCACTA	-0.092551557	-0.353279355	-0.260727798	False
AATTTAGGGGGCACTA	-0.092570035	-0.436851422	-0.344281387	False
TATATAGGGGGCACTA	-0.094220855	-0.0	0.094220855	False
ATCATAGGGGGCACTA	-0.094588419	-0.336472237	-0.241883818	False
TAGCTAGGGGGCACTA	-0.095071545	-0.187211542	-0.09213999700000002	False
CCACTAGGGATCGCTA	-0.095244349	-0.500243514	-0.404999165	True
TTCCTAGGGGGCACTA	-0.09531018	-0.139761942	-0.044451762000000006	False
TGATTAGGGGGCACTA	-0.095715942	-0.304723538	-0.20900759600000002	False
TATTTAGGGGGCACTA	-0.095791065	-0.322083499	-0.226292434	False
TTTTTAGGGGGCACTA	-0.096205435	-0.364643114	-0.268437679	False
CCAGGAGGGGGCACTA	-0.096723818	-0.061663367	0.035060451000000006	False
CCACTAGGGGCTCCTA	-0.098587236	-0.268526557	-0.169939321	False
CCACTAGGGGACCCTA	-0.09920665	-0.342944751	-0.24373810099999998	False
CGCCTAGGGGGCACTA	-0.101579793	-0.185142433	-0.08356264	True
CCACTAGGGAGGGCTA	-0.101748144	-0.384845821	-0.283097677	False
GTGGTAGGGGGCACTA	-0.103024066	-0.156119184	-0.053095118	False
CAGGTAGGGGGCACTA	-0.103032226	0.033901552	0.136933778	False
GAGGTAGGGGGCACTA	-0.103540679	-0.472287604	-0.36874692500000006	False
TAGTTAGGGGGCACTA	-0.104543856	-0.363393894	-0.258850038	False
GCAATAGGGGGCACTA	-0.10697212	0.034289073	0.141261193	False
GATATAGGGGGCACTA	-0.108409299	-0.235119742	-0.126710443	False
CTCCTAGGGGGCACTA	-0.108566381	-0.349895257	-0.24132887600000003	False
CCACTAGGGGGTTCTA	-0.109252017	-0.218235789	-0.108983772	False
CAATTAGGGGGCACTA	-0.109484233	-0.187211542	-0.07772730900000001	False
AGGATAGGGGGCACTA	-0.111004933	-0.105981441	0.005023492000000004	False
CCACTATGGGGCACTA	-0.111175722	-0.15415068	-0.04297495800000001	False
ACCCTAGGGGGCACTA	-0.112267302	-0.125880246	-0.013612944000000002	False
ATCCTAGGGGGCACTA	-0.112673163	-0.038839833	0.07383333	False
CCACTAGGGTATGCTA	-0.112717018	-0.351184394	-0.238467376	False
AGGCTAGGGGGCACTA	-0.113154028	-0.317095958	-0.20394193	False
ACGTTAGGGGGCACTA	-0.113835143	-0.269919616	-0.15608447299999997	True
CGGGTAGGGGGCACTA	-0.114943225	-0.137470991	-0.02252776599999999	True
CTCATAGGGGGCACTA	-0.115154913	-0.156452177	-0.041297264	False
CGTATAGGGGGCACTA	-0.115796938	-0.20343848	-0.087641542	True
CGCATAGGGGGCACTA	-0.116028957	-0.089612159	0.026416798000000005	True
CCAAGAGGGGGCACTA	-0.117194973	-0.309213309	-0.192018336	False
TATGTAGGGGGCACTA	-0.117783036	-0.079706743	0.038076293	False
CCACTAGGGACGTCTA	-0.118061471	-0.507767517	-0.38970604600000003	True
AACATAGGGGGCACTA	-0.118281168	-0.175048797	-0.056767629	False
GATGTAGGGGGCACTA	-0.118605742	-0.212371454	-0.09376571199999999	False
ACTTTAGGGGGCACTA	-0.118951943	-0.195910401	-0.07695845800000001	False
CCAGTGGGGGGCACTA	-0.119605083	-0.060726918	0.058878165	False
CCCGTAGGGGGCACTA	-0.12193706	-0.038714512	0.08322254800000001	True
AGAGTAGGGGGCACTA	-0.123106058	-0.570544858	-0.44743879999999997	False
CCACTAGCGGGCACTA	-0.123155782	-0.30245339	-0.179297608	True
GCTGTAGGGGGCACTA	-0.125049578	-0.256877725	-0.131828147	False
CCACTAGGGGAACCTA	-0.126593665	-0.299170449	-0.172576784	False
TTGGTAGGGGGCACTA	-0.128051927	-0.161570613	-0.03351868599999999	False
GCGTTAGGGGGCACTA	-0.128100003	-0.369533099	-0.24143309599999999	True
AACGTAGGGGGCACTA	-0.129114602	-0.340007891	-0.210893289	True
CATTTAGGGGGCACTA	-0.129211731	-0.417513447	-0.288301716	False
CCACTAGGGCGAGCTA	-0.129580948	-0.273617143	-0.144036195	True
GAAATAGGGGGCACTA	-0.129592829	-0.607989372	-0.478396543	False
CCACTAGCAGGCACTA	-0.130167784	-0.436947246	-0.306779462	False
CCACTAGGTAGCACTA	-0.130464637	-0.393996081	-0.263531444	False
TACTTAGGGGGCACTA	-0.131769278	-0.092115289	0.03965398899999999	False
CCACTATGTGGCACTA	-0.132653198	-0.178774555	-0.046121357	False
ACATTAGGGGGCACTA	-0.133086454	-0.196210669	-0.06312421500000001	False
CCACTAGGGGTATCTA	-0.133164971	-0.270249905	-0.13708493400000002	False
CCACGGGGGGGCACTA	-0.134430269	-0.266252681	-0.131822412	True
CCACTAGGGCGTGCTA	-0.134688131	-0.290952927	-0.15626479599999998	True
CCACCTGGGGGCACTA	-0.134706251	-0.190724968	-0.056018716999999996	False
ATTGTAGGGGGCACTA	-0.134941234	-0.196875624	-0.061934390000000006	False
CCACTAGGGGTGACTA	-0.136542768	-0.258474155	-0.12193138699999997	False
CCACTAGGGAACGCTA	-0.137234206	-0.198275485	-0.061041279000000004	True
GATTTAGGGGGCACTA	-0.139419535	-0.324119469	-0.18469993399999998	False
CCACTAGGGTCCGCTA	-0.139761942	-0.263560795	-0.12379885300000001	True
CCATTGGGGGGCACTA	-0.1409297	-0.174941449	-0.03401174900000001	False
TAAGTAGGGGGCACTA	-0.141354118	-0.114566565	0.026787553000000006	False
CCACTAGGGGATCCTA	-0.141540172	-0.190043603	-0.048503431000000014	False
GTAATAGGGGGCACTA	-0.142067862	-0.176226632	-0.034158770000000005	False
TGTATAGGGGGCACTA	-0.142388846	-0.325931955	-0.18354310899999998	False
CCATGTGGGGGCACTA	-0.142770756	-0.190875929	-0.048105173	False
CCATGAGGGGGCACTA	-0.143713964	-0.117125357	0.026588607	False
ATGTTAGGGGGCACTA	-0.144342309	-0.114880276	0.029462033	False
CGGCTAGGGGGCACTA	-0.144891354	-0.231801614	-0.08691025999999999	True
TGGGTAGGGGGCACTA	-0.14606614	-0.272910755	-0.126844615	False
CCACTAGGGGTACCTA	-0.146321458	-0.250529807	-0.104208349	False
TTAATAGGGGGCACTA	-0.146460074	-0.297834444	-0.15137436999999998	False
AACCTAGGGGGCACTA	-0.147053418	0.110541874	0.257595292	False
GAGATAGGGGGCACTA	-0.147773749	-0.209554707	-0.061780958	False
CCACTAGGGCGCCCTA	-0.14900928	-0.355203273	-0.206193993	True
TTATTAGGGGGCACTA	-0.149035579	-0.341069946	-0.192034367	False
GAGCTAGGGGGCACTA	-0.149071949	-0.270874954	-0.12180300499999999	False
CCACTAGGGCGCTCTA	-0.149253686	-0.303430429	-0.154176743	True
GACATAGGGGGCACTA	-0.149362858	-0.202782629	-0.053419771000000005	False
CCACTAGGGGCTTCTA	-0.150990431	-0.249956424	-0.098965993	False
CCACTAGACGGCACTA	-0.151853635	-0.530027831	-0.37817419599999996	True
AAGTTAGGGGGCACTA	-0.152742229	-0.09149234	0.061249889	False
AACTTAGGGGGCACTA	-0.152907672	-0.16034265	-0.007434978000000009	False
CCACTAGGGACATCTA	-0.153297437	-0.332642648	-0.17934521099999998	False
CCACTAGGGGCCTCTA	-0.153522539	-0.232731352	-0.07920881299999999	False
ATACTAGGGGGCACTA	-0.15474823	-0.160623194	-0.00587496400000001	False
GATCTAGGGGGCACTA	-0.156610706	-0.28076163	-0.124150924	False
AGGGTAGGGGGCACTA	-0.158529184	-0.392854601	-0.23432541700000004	False
TGAATAGGGGGCACTA	-0.160640491	-0.210721031	-0.05008054000000001	False
CCACTAGGGCACGCTA	-0.160980231	-0.551808064	-0.390827833	True
TCCGTAGGGGGCACTA	-0.16101177	-0.330962581	-0.16995081099999998	True
CCACTATGAGGCACTA	-0.162021018	-0.415021495	-0.25300047700000006	False
CCACTAGGGTGGGCTA	-0.163080877	-0.43042184	-0.267340963	False
GCATTAGGGGGCACTA	-0.163393547	-0.172842813	-0.009449266000000012	False
CGTGTAGGGGGCACTA	-0.164358856	-0.308735482	-0.144376626	True
CCACTAGGGTGGCCTA	-0.164822602	-0.443020542	-0.27819794	False
TGGCTAGGGGGCACTA	-0.1659102	-0.157628944	0.008281256000000015	False
CCAATGGGGGGCACTA	-0.166589185	-0.197359434	-0.030770249	False
CCACTAGGGGATACTA	-0.166975987	-0.286288344	-0.11931235699999998	False
CCACTAGGGGTAACTA	-0.167379977	-0.242343392	-0.07496341499999998	False
TATCTAGGGGGCACTA	-0.168384049	-0.347401307	-0.17901725799999998	False
CCACTGAGGGGCACTA	-0.168521436	-0.291110255	-0.12258881899999999	False
TTTGTAGGGGGCACTA	-0.168561244	-0.249345924	-0.08078468	False
CACTTAGGGGGCACTA	-0.168866664	-0.30652516	-0.13765849600000002	False
CCACTAGGGCGGGCTA	-0.170514145	-0.472859026	-0.302344881	True
CCCTTAGGGGGCACTA	-0.171392486	-0.072570693	0.098821793	False
CCACTAGGGTTCACTA	-0.172009573	-0.312728104	-0.140718531	False
CCACGCGGGGGCACTA	-0.172484171	-0.256764033	-0.08427986200000001	True
CCACTAGGGACAGCTA	-0.172567407	-0.420246503	-0.247679096	False
CCATAGGGGGGCACTA	-0.174724835	-0.11710114	0.05762369499999999	False
TGTGTAGGGGGCACTA	-0.175677014	-0.225246602	-0.049569588	False
CCACTAGGGGATTCTA	-0.177564307	-0.32190003	-0.144335723	False
CCACTAGGGCGGCCTA	-0.178917424	-0.375748636	-0.19683121200000003	True
GGGATAGGGGGCACTA	-0.178923083	-0.286545063	-0.10762197999999998	False
CCACTAGGGTACACTA	-0.179844357	-0.41935422	-0.239509863	False
GGGCTAGGGGGCACTA	-0.180086011	-0.2135741	-0.033488089	False
AGTTTAGGGGGCACTA	-0.181567124	-0.589297239	-0.407730115	False
GGTCTAGGGGGCACTA	-0.184801409	-0.39578449	-0.210983081	False
TTGTTAGGGGGCACTA	-0.185190999	-0.266920081	-0.08172908199999998	False
CTATTAGGGGGCACTA	-0.186922288	-0.321204764	-0.13428247599999998	False
GCTATAGGGGGCACTA	-0.187345545	-0.111521274	0.075824271	False
TGGATAGGGGGCACTA	-0.188526334	-0.452583031	-0.264056697	False
GGCCTAGGGGGCACTA	-0.19221756	0.006042314	0.198259874	False
CCACTAGGGAGGCCTA	-0.192717924	-0.437070448	-0.244352524	False
CCACTAGGGATCACTA	-0.194308002	-0.484573091	-0.29026508900000003	False
TGCGTAGGGGGCACTA	-0.194940021	-0.223143551	-0.028203530000000004	True
CCAGGTGGGGGCACTA	-0.195802484	-0.274231275	-0.078428791	False
CCACTAGGGCTCGCTA	-0.19599779	-0.341975155	-0.14597736499999997	True
ATGGTAGGGGGCACTA	-0.197359434	0.06001801	0.257377444	False
CTCGTAGGGGGCACTA	-0.197912073	-0.438550833	-0.24063875999999998	True
TACGTAGGGGGCACTA	-0.199332903	-0.3254224	-0.126089497	True
CCACTAGGGACTGCTA	-0.199969609	-0.45890407	-0.258934461	False
ATAGTAGGGGGCACTA	-0.200670695	-0.268889573	-0.06821887799999998	False
GAAGTAGGGGGCACTA	-0.200670695	-0.44542342	-0.244752725	False
TTCATAGGGGGCACTA	-0.200670695	-0.045722249	0.15494844600000002	False
CCACTAGGGTCGCCTA	-0.201806414	-0.706650762	-0.504844348	True
CCACTAGGGACGACTA	-0.205035197	-0.578663983	-0.373628786	True
TGCATAGGGGGCACTA	-0.20518216	-0.082691716	0.122490444	False
TGACTAGGGGGCACTA	-0.205404727	-0.436717652	-0.231312925	False
CCACTAGGGCACACTA	-0.205414087	-0.484347498	-0.278933411	False
CCACTATGCGGCACTA	-0.206370812	-0.528819189	-0.32244837700000006	True
TTAGTAGGGGGCACTA	-0.207203223	-0.346148531	-0.138945308	False
CCACTAAGAGGCACTA	-0.207252891	-0.483220358	-0.275967467	False
GTGTTAGGGGGCACTA	-0.209196324	-0.399107808	-0.18991148400000002	False
CCACTAAGCGGCACTA	-0.212277714	-0.576263021	-0.36398530700000004	True
CCACTAGGGACCTCTA	-0.212480846	-0.435318071	-0.22283722499999997	False
TTCTTAGGGGGCACTA	-0.213703158	-0.379931806	-0.16622864799999998	False
CCACTAGTGTGCACTA	-0.215850586	-0.350914258	-0.13506367199999997	False
TCATTAGGGGGCACTA	-0.216409519	-0.183478295	0.03293122399999998	False
CCACTAGGGACTCCTA	-0.216474839	-0.397895049	-0.18142021	False
CCACTAAGTGGCACTA	-0.216568309	-0.350740208	-0.134171899	False
CCACTAGGGTAAGCTA	-0.216845735	-0.64849003	-0.431644295	False
CCACTAGGGTCCACTA	-0.216931216	-0.466899643	-0.24996842699999997	False
GTTCTAGGGGGCACTA	-0.217674076	-0.411657078	-0.19398300200000002	False
CCATCAGGGGGCACTA	-0.218529342	0.002018164	0.22054750599999998	False
CCACTAGGGGTTACTA	-0.220438781	-0.392871925	-0.172433144	False
CCACTAGGGGTTTCTA	-0.220721265	-0.274115693	-0.053394427999999994	False
CCACTAGGGTGTCCTA	-0.221325219	-0.385262401	-0.163937182	False
CCAGCGGGGGGCACTA	-0.221535834	-0.148242243	0.07329359099999999	True
CCATGGGGGGGCACTA	-0.221557508	-0.172278064	0.04927944399999998	False
GCCATAGGGGGCACTA	-0.221930695	-0.159276268	0.06265442700000001	False
GTTTTAGGGGGCACTA	-0.221995665	-0.355632734	-0.133637069	False
GTCATAGGGGGCACTA	-0.222221467	-0.430782916	-0.208561449	False
CCAGATGGGGGCACTA	-0.222956443	-0.23510184	-0.012145397000000002	False
CCAGTTGGGGGCACTA	-0.22301672	-0.219437556	0.003579163999999996	False
CCACTAGGTTGCACTA	-0.223684433	-0.436675034	-0.21299060100000003	False
GGGTTAGGGGGCACTA	-0.223973083	-0.363366288	-0.139393205	False
CTGGTAGGGGGCACTA	-0.224623936	-0.405465108	-0.18084117200000002	False
TTGCTAGGGGGCACTA	-0.225646682	-0.143512282	0.0821344	False
TGAGTAGGGGGCACTA	-0.226239529	-0.363602763	-0.137363234	False
CCAAGTGGGGGCACTA	-0.227439594	-0.341658074	-0.11421847999999998	False
GGTATAGGGGGCACTA	-0.228258652	-0.436881304	-0.20862265200000002	False
TACCTAGGGGGCACTA	-0.229134155	0.279838895	0.50897305	False
CCACTAGGGACGGCTA	-0.230636514	-0.716743001	-0.48610648700000003	True
CCACTAGGGCATGCTA	-0.230758925	-0.451007129	-0.220248204	False
GCCCTAGGGGGCACTA	-0.231363642	-0.287682072	-0.05631843	False
GGATTAGGGGGCACTA	-0.231877231	-0.451344714	-0.219467483	False
AGTGTAGGGGGCACTA	-0.232021225	-0.377813577	-0.14579235200000001	False
CCACTAGGGTGCTCTA	-0.233235499	-0.407014295	-0.173778796	False
CCACTAGGGTCAACTA	-0.233831466	-0.630063205	-0.396231739	False
CCACTAGGGAGCCCTA	-0.234101655	-0.560776554	-0.326674899	False
CCACTACGGGGCACTA	-0.234169565	-0.450728491	-0.216558926	True
CCACTGTGGGGCACTA	-0.236442156	-0.335744346	-0.09930219000000004	False
CCACTAGGGAATGCTA	-0.236836606	-0.469297165	-0.232460559	False
AGTCTAGGGGGCACTA	-0.237217279	-0.192206316	0.045010963000000015	False
GGCGTAGGGGGCACTA	-0.237800709	-0.398820565	-0.16101985600000002	True
CCACTAGTATGCACTA	-0.237993839	-0.45804534	-0.220051501	False
CCACTAGGGACGCCTA	-0.238357006	-0.408826456	-0.17046945	True
AGCGTAGGGGGCACTA	-0.238481988	-0.242561637	-0.004079648999999991	True
CCACTAGGGGTTCCTA	-0.23995067	-0.459934016	-0.219983346	False
CCACTAGGGCCCGCTA	-0.240175593	-0.523127495	-0.282951902	True
CCACTAGGGTAGGCTA	-0.242162372	-0.613616937	-0.37145456499999996	False
CCACTAGGGTCACCTA	-0.242480449	-0.562785363	-0.32030491400000005	False
CTGCTAGGGGGCACTA	-0.242613787	-0.231511801	0.011101986000000008	False
CCACTAGGGCGGACTA	-0.24498908	-0.317662905	-0.072673825	True
CGAATAGGGGGCACTA	-0.245122458	-0.263689646	-0.018567188000000012	True
CCACTAGCTGGCACTA	-0.245976703	-0.42621954	-0.18024283700000002	False
TCCTTAGGGGGCACTA	-0.247408173	-0.3254224	-0.07801422699999999	False
GTTATAGGGGGCACTA	-0.247491192	-0.302996307	-0.05550511500000002	False
CAAGTAGGGGGCACTA	-0.247836164	-0.22154227	0.026293893999999984	False
CGTCTAGGGGGCACTA	-0.248641523	-0.032157112	0.216484411	True
TTACTAGGGGGCACTA	-0.249654677	-0.499652323	-0.24999764600000002	False
CCACTAGGGACCACTA	-0.249710579	-0.39234402	-0.14263344100000003	False
CCATATGGGGGCACTA	-0.249977323	-0.200247773	0.04972955000000001	False
CCACTAGGGAGCTCTA	-0.250091561	-0.609885339	-0.35979377799999995	False
CCACGTAGGGGCACTA	-0.251314428	-0.544536681	-0.293222253	True
TGTCTAGGGGGCACTA	-0.251314428	-0.28357529	-0.032260862	False
CATGTAGGGGGCACTA	-0.252541422	-0.257544978	-0.005003555999999965	False
CGGTTAGGGGGCACTA	-0.252835341	-0.318453731	-0.06561839000000003	True
GGCATAGGGGGCACTA	-0.252971429	-0.494696242	-0.24172481299999998	False
CTACTAGGGGGCACTA	-0.254130538	-0.405465108	-0.15133457	False
CCATCGGGGGGCACTA	-0.255478932	-0.163273362	0.09220556999999999	True
CCACTAGGGCTCACTA	-0.255508836	-0.47625816	-0.22074932399999997	False
CCACTAGTGCGCACTA	-0.255688594	-0.46959638	-0.213907786	True
CGTTTAGGGGGCACTA	-0.256854609	-0.226957923	0.029896686000000006	True
CTTCTAGGGGGCACTA	-0.257442187	-0.329957556	-0.072515369	False
TCTGTAGGGGGCACTA	-0.258286985	-0.180709953	0.07757703200000002	False
GTAGTAGGGGGCACTA	-0.25841169	-0.395040591	-0.13662890099999997	False
GGAATAGGGGGCACTA	-0.258545478	-0.23275241	0.025793068000000002	False
GGAGTAGGGGGCACTA	-0.258831848	-0.433635985	-0.17480413700000003	False
GAGTTAGGGGGCACTA	-0.258893244	-0.268889573	-0.00999632899999997	False
GACGTAGGGGGCACTA	-0.260184823	-0.298492989	-0.03830816599999998	True
CCACTAGGGAGGACTA	-0.260751698	-0.55831229	-0.29756059200000007	False
CCACTAGGGCCATCTA	-0.260757369	-0.449194749	-0.18843738	False
CCACTAGGGCGATCTA	-0.261375471	-0.458061092	-0.19668562099999998	True
GTATTAGGGGGCACTA	-0.262845921	-0.271933715	-0.009087794000000038	False
TCTTTAGGGGGCACTA	-0.263382594	-0.192206316	0.07117627800000004	False
GCCTTAGGGGGCACTA	-0.264416483	-0.415515444	-0.15109896100000003	False
CCACGAAGGGGCACTA	-0.264540544	-0.455475529	-0.190934985	True
CCACTAGGGCGAACTA	-0.264726603	-0.640569364	-0.37584276099999997	True
CCACTAGGGTGTACTA	-0.264958517	-0.314516985	-0.04955846800000002	False
GTCGTAGGGGGCACTA	-0.265516581	-0.501256173	-0.23573959200000005	True
CCACTAGGGTTCCCTA	-0.266020576	-0.522965378	-0.25694480199999997	False
CCACATAGGGGCACTA	-0.266187143	-0.36051372	-0.09432657699999997	False
CCACTAGGGCCACCTA	-0.266878945	-0.665934617	-0.39905567200000003	False
CTTTTAGGGGGCACTA	-0.269728269	-0.273468635	-0.003740365999999995	False
CGCTTAGGGGGCACTA	-0.270027137	-0.46608973	-0.196062593	True
CCACAACGGGGCACTA	-0.270831382	-0.450761383	-0.179930001	True
CCACTAGGGCAGGCTA	-0.271379852	-0.571649627	-0.300269775	False
AGATTAGGGGGCACTA	-0.272329363	-0.757095905	-0.484766542	False
CCATCTAGGGGCACTA	-0.272445617	-0.437527041	-0.16508142400000003	False
GTTGTAGGGGGCACTA	-0.272493783	-0.407968238	-0.135474455	False
CCAAAGGGGGGCACTA	-0.273223989	-0.250768279	0.022455710000000018	False
GGACTAGGGGGCACTA	-0.27369583	-0.513874407	-0.240178577	False
CGAGTAGGGGGCACTA	-0.274113343	-0.200670695	0.073442648	True
CCACTAGGCAGCACTA	-0.274315442	-0.404167249	-0.12985180699999999	False
CCACTACGCGGCACTA	-0.274652021	-0.646034713	-0.371382692	True
CCACTAGGGTGATCTA	-0.276079332	-0.517084026	-0.24100469400000002	False
CCAGACGGGGGCACTA	-0.276805832	-0.325572946	-0.048767114	True
GGGGTAGGGGGCACTA	-0.277974883	-0.339242321	-0.06126743800000001	False
CCACTAGGTCGCACTA	-0.278090466	-0.430567065	-0.15247659900000005	True
CCACTAGGGCGACCTA	-0.278234934	-0.549883351	-0.271648417	True
ACCTTAGGGGGCACTA	-0.279960026	-0.387765531	-0.10780550500000002	False
CCACTAGGGTACCCTA	-0.280492969	-0.47957308	-0.199080111	False
CCACTAGGGAGGTCTA	-0.282907562	-0.617023485	-0.33411592300000004	False
CCACTAGGGACTTCTA	-0.283988934	-0.516365804	-0.23237686999999996	False
CCAGCTAGGGGCACTA	-0.284199403	-0.481374071	-0.197174668	False
ATCGTAGGGGGCACTA	-0.2869265	-0.576887374	-0.28996087400000004	True
CCACTAGGGAAGGCTA	-0.287090881	-0.690084391	-0.40299350999999994	False
AGAATAGGGGGCACTA	-0.287682072	-0.230016431	0.05766564100000002	False
GAACTAGGGGGCACTA	-0.28859075	-0.200670695	0.087920055	False
GTCTTAGGGGGCACTA	-0.290154262	-0.436427334	-0.146273072	False
CCACTAGGGTCATCTA	-0.290182074	-0.48784899	-0.19766691599999997	False
CCACTAGGGCAGTCTA	-0.291970857	-0.603986036	-0.31201517900000003	False
CCACTAGTGAGCACTA	-0.292091101	-0.422625784	-0.13053468299999998	False
CCACTAGGGTAACCTA	-0.292707209	-0.481692473	-0.188985264	False
CCACCTAGGGGCACTA	-0.293309549	-0.411195783	-0.11788623399999998	False
ATTTTAGGGGGCACTA	-0.293991242	-0.204363657	0.08962758499999998	False
GGTTTAGGGGGCACTA	-0.294650742	-0.368964706	-0.07431396399999995	False
CTAGTAGGGGGCACTA	-0.294937243	-0.320359098	-0.025421854999999993	False
CCACTAGGGACAACTA	-0.294942646	-0.403580093	-0.108637447	False
CTGTTAGGGGGCACTA	-0.295027681	-0.236687776	0.058339905	False
CCAGGGGGGGGCACTA	-0.296369063	-0.256046554	0.040322509000000006	False
CCACTAGGGCAAGCTA	-0.29736657	-0.645469757	-0.348103187	False
CAGTTAGGGGGCACTA	-0.298492989	-0.266466233	0.03202675599999999	False
CCACTAGGGAGACCTA	-0.299277867	-0.566804892	-0.267527025	False
CCACTAGGGCGTACTA	-0.300857494	-0.370918141	-0.07006064699999998	True
CCACACAGGGGCACTA	-0.301214079	-0.471754432	-0.17054035299999998	False
AGACTAGGGGGCACTA	-0.301668314	-0.310777787	-0.009109473000000035	False
CGCGTAGGGGGCACTA	-0.302280872	-0.380772496	-0.07849162400000004	True
TGCTTAGGGGGCACTA	-0.30273964	-0.43036266	-0.12762302000000003	False
CCACTAAAGGGCACTA	-0.303636	-0.597028048	-0.29339204799999996	False
CCATGCGGGGGCACTA	-0.304102803	-0.327848114	-0.023745311000000047	True
CCACTAGGATGCACTA	-0.304421667	-0.522883779	-0.21846211200000004	False
CCAATTGGGGGCACTA	-0.304542324	-0.273850593	0.030691731	False
GTGCTAGGGGGCACTA	-0.306619273	-0.463837114	-0.15721784099999997	False
CCATACGGGGGCACTA	-0.306639986	-0.242752023	0.06388796299999996	True
CCACTAGGGTCGGCTA	-0.306730267	-0.67216739	-0.36543712300000003	True
ATCTTAGGGGGCACTA	-0.306816027	-0.323972074	-0.017156047000000008	False
GCCGTAGGGGGCACTA	-0.309091341	-0.531505829	-0.22241448799999997	True
TGGTTAGGGGGCACTA	-0.309225344	-0.291247139	0.017978205000000025	False
CCACTAGGGCTCTCTA	-0.30926696	-0.522667457	-0.21340049699999997	False
CCACTAGGGCGGTCTA	-0.310014862	-0.493462641	-0.18344777899999998	True
CCACTAGGGATTGCTA	-0.310993151	-0.545866232	-0.23487308099999993	False
CCACTAGGGACTACTA	-0.311436158	-0.386691994	-0.07525583599999996	False
TGTTTAGGGGGCACTA	-0.311542854	-0.536015873	-0.224473019	False
CCACCACGGGGCACTA	-0.311779624	-0.477438608	-0.165658984	True
CCAATAAGGGGCACTA	-0.312598424	-0.48417608	-0.17157765600000002	False
CCACTAGGGTCGTCTA	-0.313009452	-0.679216607	-0.36620715499999995	True
CTTATAGGGGGCACTA	-0.315314011	-0.346276237	-0.03096222599999998	False
CCACTATATGGCACTA	-0.316002549	-0.515839961	-0.19983741199999994	False
CCACTAGGGTTACCTA	-0.316337328	-0.513479905	-0.19714257699999999	False
CCACTAGGGTGGTCTA	-0.316710375	-0.446239539	-0.12952916400000003	False
CCACTAGATAGCACTA	-0.318639622	-0.570107062	-0.25146744000000004	False
CCACTAGGGTGGACTA	-0.321429005	-0.441832752	-0.120403747	False
CCAACTGGGGGCACTA	-0.321459444	-0.383865996	-0.062406552000000004	False
CCACTAGGGTCAGCTA	-0.322328133	-0.573251525	-0.25092339199999997	False
CCACTAGGGCTCCCTA	-0.323400155	-0.711723566	-0.38832341099999995	False
CCACTAGGAAGCACTA	-0.324509242	-0.518467582	-0.19395834	False
CCAAATGGGGGCACTA	-0.324737352	-0.350806696	-0.026069343999999994	False
CCACTAGGGCCCCCTA	-0.32570014	-0.60755525	-0.28185510999999996	False
CCACTAGGGCACTCTA	-0.326845888	-0.458075058	-0.13122917	False
CCACTAGGGCATTCTA	-0.327369821	-0.699397201	-0.37202738	False
CCACTAGAATGCACTA	-0.327612982	-0.435960745	-0.10834776299999999	False
CCAACTAGGGGCACTA	-0.32799761	-0.396753168	-0.068755558	False
CCACTAGGGAACACTA	-0.329000222	-0.37578934	-0.04678911800000002	False
CCACTAAACGGCACTA	-0.331645196	-0.817601355	-0.485956159	True
CCACTAGGGCGTCCTA	-0.331859775	-0.513226585	-0.18136680999999993	True
GAATTAGGGGGCACTA	-0.331982331	-0.283768173	0.04821415800000001	False
CCACAAAGGGGCACTA	-0.332914217	-0.336472237	-0.003558019999999995	False
CCACTAAGGCGCACTA	-0.332946183	-0.854415328	-0.521469145	True
AGCTTAGGGGGCACTA	-0.333302662	-0.259014178	0.07428848400000004	False
CCACTAGCCGGCACTA	-0.333561678	-0.576175504	-0.24261382599999998	True
CCACTAGGGCGTTCTA	-0.333675322	-0.506703214	-0.17302789199999996	True
ATATTAGGGGGCACTA	-0.335454943	-0.349895257	-0.01444031400000001	False
CCACTAGGCCGCACTA	-0.335850926	-0.552001538	-0.21615061199999996	True
CCACTAGGGACCCCTA	-0.336472237	-0.344840486	-0.008368248999999994	False
CCATTTGGGGGCACTA	-0.33680287	-0.23225851	0.10454435999999998	False
CCACTAGGGAAGTCTA	-0.337193477	-0.742627238	-0.40543376099999995	False
CCAGCTGGGGGCACTA	-0.337256858	-0.376435493	-0.03917863500000002	False
CCACTAGGGTGAACTA	-0.339130634	-0.3801473	-0.041016666000000035	False
GCTTTAGGGGGCACTA	-0.340985219	-0.403064147	-0.06207892799999998	False
CCAAGGGGGGGCACTA	-0.341842278	-0.260199427	0.08164285100000002	False
CCACTAGTCAGCACTA	-0.343231874	-0.607401146	-0.26416927199999996	False
CCACTAGTTAGCACTA	-0.343551574	-0.532245938	-0.18869436399999995	False
CCACTAGGCTGCACTA	-0.343732353	-0.49007612	-0.146343767	False
CCACTAATGGGCACTA	-0.344243038	-0.618216163	-0.27397312500000004	False
GTACTAGGGGGCACTA	-0.344488312	-0.304412501	0.04007581100000002	False
CCAACGGGGGGCACTA	-0.344553583	-0.391439633	-0.04688605000000001	True
CCACTAGGGTCCTCTA	-0.34477648	-0.566571531	-0.22179505100000002	False
CTTGTAGGGGGCACTA	-0.345188615	-0.420799472	-0.07561085700000003	False
CCACTAGGGTCGACTA	-0.34647314	-0.64838928	-0.30191613999999994	True
CCACTTAGGGGCACTA	-0.346511107	-0.413763911	-0.067252804	False
CCACTAGGGTCTGCTA	-0.346787514	-0.536402466	-0.18961495199999995	False
CCACTAGGGAGTACTA	-0.347207519	-0.517582406	-0.17037488700000003	False
CCACTAGGGATGCCTA	-0.34743832	-0.628376344	-0.28093802399999995	False
CCATATAGGGGCACTA	-0.348074163	-0.406761285	-0.05868712199999998	False
CCACTACGAGGCACTA	-0.348792721	-0.707372171	-0.3585794500000001	True
CCACTAGGGCATACTA	-0.348900695	-0.560722595	-0.2118219	False
CCACTAGGGATATCTA	-0.349874093	-0.546725178	-0.19685108499999998	False
CCACTAGTAAGCACTA	-0.350616359	-0.706732295	-0.356115936	False
CCACTAGGGTTGGCTA	-0.351367957	-0.732976947	-0.38160899000000004	False
CCACAGTGGGGCACTA	-0.351605938	-0.324029378	0.027576560000000028	False
CCAGTATGGGGCACTA	-0.35193236	-0.458381734	-0.10644937399999999	False
CCACTAGGGATGTCTA	-0.352710753	-0.642458664	-0.28974791099999997	False
CCACTAGGGATAGCTA	-0.353429359	-0.564704857	-0.21127549799999995	False
CCACTAGGGTAATCTA	-0.353436172	-0.635988767	-0.28255259499999996	False
CCACCCGGGGGCACTA	-0.353528638	-0.404136204	-0.05060756599999999	True
AGGTTAGGGGGCACTA	-0.356467022	-0.310993151	0.045473871	False
CCACCGTGGGGCACTA	-0.357004922	-0.284360914	0.07264400799999998	True
CCACTATGGCGCACTA	-0.357547925	-0.709119126	-0.35157120100000006	True
CCACTAGGGTCTACTA	-0.357780833	-0.746419647	-0.38863881399999994	False
CCACTAGGGTGACCTA	-0.358347185	-0.550676655	-0.19232946999999995	False
CCACTAGGGCCTGCTA	-0.359489607	-0.681074599	-0.321584992	False
CCATAAAGGGGCACTA	-0.359951845	-0.559615788	-0.199663943	False
CCACTCGGGGGCACTA	-0.360082102	-0.262154643	0.097927459	True
CCACTAGGGTAGCCTA	-0.361094693	-0.70463213	-0.343537437	False
CCACTAGGGTGCCCTA	-0.361238065	-0.46608973	-0.10485166499999998	False
CCACTAGGGTTCTCTA	-0.361807381	-0.458898013	-0.09709063200000001	False
CCACTAGGGTAGTCTA	-0.362312971	-0.71077335	-0.348460379	False
CCACTAGGGTATTCTA	-0.362351242	-0.453165065	-0.09081382299999996	False
CCACTAGGGAAAACTA	-0.362504075	-0.396075368	-0.033571293	False
CCACTAGGGTATCCTA	-0.362583381	-0.72288915	-0.360305769	False
CCACTAGGGTAGACTA	-0.362617517	-0.730745594	-0.36812807700000005	False
GGTGTAGGGGGCACTA	-0.364010755	-0.420083309	-0.056072554	False
CCAATCGGGGGCACTA	-0.364594035	-0.626455806	-0.26186177099999997	True
GACTTAGGGGGCACTA	-0.364850389	-0.393904286	-0.029053896999999995	False
CCACTAGGGTTAGCTA	-0.365335913	-0.6217991	-0.25646318700000004	False
CCACTAGGGAGATCTA	-0.366832003	-0.671682942	-0.304850939	False
CCACTAGGGCAATCTA	-0.368295475	-0.611630323	-0.243334848	False
CCACTATACGGCACTA	-0.369549182	-0.796525535	-0.42697635300000003	True
CCACTAGGGTTGCCTA	-0.370510093	-0.703888422	-0.33337832900000003	False
CCACTAGGGCTAACTA	-0.372548293	-0.63104896	-0.258500667	False
CCACAATGGGGCACTA	-0.373362777	-0.300440219	0.07292255799999997	False
CCACTAGGGAGTCCTA	-0.37367252	-0.653797842	-0.280125322	False
CCACTACGTGGCACTA	-0.373825017	-0.556335028	-0.18251001100000003	True
CCACTAGGGTACTCTA	-0.374436919	-0.388370675	-0.01393375600000002	False
CCACTAGGGATACCTA	-0.376294731	-0.52560942	-0.149314689	False
CCACTAGACAGCACTA	-0.376603862	-0.569468084	-0.19286422200000003	False
CCACTATAGGGCACTA	-0.378535696	-0.546701274	-0.16816557800000004	False
CCACTAATTGGCACTA	-0.378569423	-0.711942648	-0.33337322499999994	False
CCACTAGGGTTTGCTA	-0.379158551	-0.403613599	-0.02445504799999998	False
CCACTAGGACGCACTA	-0.379869561	-0.467758959	-0.08788939799999995	True
CCATAGAGGGGCACTA	-0.379888266	-0.470343245	-0.09045497900000005	False
CCACTAGGGTGTTCTA	-0.382835191	-0.440377459	-0.05754226800000001	False
CCACTAGTCCGCACTA	-0.384999278	-0.559150347	-0.174151069	True
CCACTAGGGAAAGCTA	-0.386648836	-0.741674221	-0.355025385	False
CCACTAAATGGCACTA	-0.387649694	-0.567054454	-0.17940476	False
CCACTAGTCTGCACTA	-0.387889963	-0.618124853	-0.23023488999999997	False
CCACTAGGGCAGACTA	-0.389673873	-0.807014127	-0.41734025399999997	False
CCACCAAGGGGCACTA	-0.390150873	-0.359895559	0.030255314000000033	False
CCACTAGGGTCCCCTA	-0.390197636	-0.52061363	-0.13041599400000004	False
CCACTATTTGGCACTA	-0.391024424	-0.72961686	-0.33859243600000005	False
CGATTAGGGGGCACTA	-0.39124945	-0.503103578	-0.11185412800000005	True
CTCTTAGGGGGCACTA	-0.391330597	-0.274001969	0.11732862799999999	False
CCACTAGGGCACCCTA	-0.392561703	-0.513453746	-0.12089204300000006	False
CCAGCAAGGGGCACTA	-0.392679546	-0.65133691	-0.25865736400000006	False
CCACTAGACTGCACTA	-0.392748427	-0.734128525	-0.341380098	False
CCACTAGGGCCTCCTA	-0.393134496	-0.724987786	-0.33185329	False
CCAGATAGGGGCACTA	-0.393152714	-0.51353933	-0.12038661599999995	False
CCACTAGGGATCTCTA	-0.394185945	-0.779442994	-0.38525704899999996	False
CCACTAGTTTGCACTA	-0.395799605	-0.736488521	-0.34068891599999995	False
CCACCATGGGGCACTA	-0.397026239	-0.308166197	0.08886004200000003	False
CCACAGAGGGGCACTA	-0.39803013	-0.440514013	-0.042483883	False
CCACTAGGGCTGCCTA	-0.399062722	-0.749296651	-0.350233929	False
CCACATTGGGGCACTA	-0.399728456	-0.5381258	-0.13839734399999998	False
CCACTACAGGGCACTA	-0.40085468	-0.633999508	-0.23314482800000003	False
CCACTAGGGCATCCTA	-0.40164831	-0.582920475	-0.18127216499999999	False
CCACTAGGGAGAACTA	-0.4017838	-0.696136719	-0.29435291899999994	False
CCACTAGGGCCGACTA	-0.402955697	-0.76888544	-0.36592974300000003	True
CCACTAGATTGCACTA	-0.403530069	-0.77776907	-0.37423900099999996	False
CCATCTGGGGGCACTA	-0.404243361	-0.295023479	0.10921988200000005	False
CCAATGAGGGGCACTA	-0.404438941	-0.585933096	-0.181494155	False
CCACTAGGGCTTGCTA	-0.404948179	-0.568993629	-0.16404544999999993	False
CCAGTGAGGGGCACTA	-0.405121052	-0.418615327	-0.013494275	False
CCAGTAAGGGGCACTA	-0.405465108	-0.487076444	-0.08161133599999998	False
CCACTAGGGTTGACTA	-0.405715515	-0.59980266	-0.19408714500000002	False
CCACTAGGGATAACTA	-0.406025175	-0.624154309	-0.218129134	False
CCACTAGGGCCGCCTA	-0.406181697	-0.714569616	-0.308387919	True
CCACTAGGGTAAACTA	-0.407353683	-0.724895879	-0.31754219599999994	False
CCACGACGGGGCACTA	-0.40776132	-0.804510585	-0.39674926499999996	True
CCACTAGGGCTGTCTA	-0.408485346	-0.661267874	-0.25278252799999995	False
CCACTAATCGGCACTA	-0.40998562	-0.777607344	-0.367621724	True
CCACTAGGGCAGCCTA	-0.412244795	-0.5974567	-0.18521190499999995	False
CCACTAGAACGCACTA	-0.412244795	-0.693147181	-0.28090238599999995	True
CCAGGGAGGGGCACTA	-0.412271163	-0.515902535	-0.10363137200000005	False
CCACTAGGGCTAGCTA	-0.412517324	-0.670436136	-0.25791881199999994	False
CCACGGTGGGGCACTA	-0.412582576	-0.633679297	-0.22109672100000005	True
CCAAACGGGGGCACTA	-0.412646468	-0.370274989	0.04237147899999999	True
CCATGTAGGGGCACTA	-0.412900087	-0.52356038	-0.11066029300000002	False
CCAGTCGGGGGCACTA	-0.413081291	-0.512213549	-0.09913225800000003	True
CCACTAGGGTTGTCTA	-0.413209581	-0.570764977	-0.15755539599999996	False
CCACTAGGGCTGACTA	-0.413873566	-0.634408363	-0.220534797	False
CCACTATTGGGCACTA	-0.416040634	-0.662495575	-0.24645494099999998	False
CCACTAGGGTTATCTA	-0.416801262	-0.64607967	-0.229278408	False
CCAGCGTGGGGCACTA	-0.416941499	-0.42292975	-0.005988251	True
CCAGAGAGGGGCACTA	-0.419900002	-0.482536045	-0.06263604300000003	False
CCACTAGGGAACTCTA	-0.420981957	-0.661214133	-0.24023217599999996	False
CCACTAGGGTTTACTA	-0.422177011	-0.645984904	-0.22380789299999998	False
CCACTAGGGTCTCCTA	-0.422693412	-0.649503891	-0.22681047900000006	False
CCACTAGGGCTACCTA	-0.423269733	-0.575364145	-0.152094412	False
CCAAGGTGGGGCACTA	-0.425019896	-0.646211192	-0.22119129599999998	False
CCACTAGGGATTCCTA	-0.425097641	-0.661665042	-0.23656740099999995	False
CCACTAGGGCCCACTA	-0.425708714	-0.365240307	0.060468407	False
CCAAGCGGGGGCACTA	-0.425788581	-0.280695699	0.14509288199999998	True
CCATTGAGGGGCACTA	-0.427444015	-0.508353435	-0.08090941999999995	False
CCACTAGGGCAAACTA	-0.428412421	-0.715961858	-0.287549437	False
CCACTAGGGCTATCTA	-0.429026989	-0.644602084	-0.21557509499999994	False
CCAGTGTGGGGCACTA	-0.429888476	-0.484013047	-0.054124570999999955	False
CCAAAGAGGGGCACTA	-0.430537186	-0.58221562	-0.15167843400000003	False
CCAGGCGGGGGCACTA	-0.430723882	-0.43248119	-0.001757308000000013	True
CCACTAGGGATGACTA	-0.434053609	-0.72634525	-0.29229164100000005	False
CCACTATGGAGCACTA	-0.436281927	-0.717267983	-0.28098605600000004	False
CCACGGAGGGGCACTA	-0.436637935	-0.488097373	-0.051459438000000024	True
CCAGCGAGGGGCACTA	-0.436815638	-0.591977946	-0.15516230799999997	True
CCACTAGTACGCACTA	-0.436938134	-0.641227123	-0.20428898899999998	True
CCACAGCGGGGCACTA	-0.437900384	-0.57488326	-0.13698287600000003	True
CCATTAAGGGGCACTA	-0.438022832	-0.55563964	-0.11761680800000002	False
CCACTAGGGCCGGCTA	-0.439216932	-0.787374523	-0.348157591	True
CCACTAGCGCGCACTA	-0.439951284	-0.731466045	-0.291514761	True
CCACTAAGGTGCACTA	-0.442398363	-0.805668852	-0.36327048900000003	False
CCACTAGGGTCTTCTA	-0.442928458	-0.69437192	-0.251443462	False
CCAAATAGGGGCACTA	-0.442933468	-0.564180848	-0.12124738000000002	False
CCAGCATGGGGCACTA	-0.444621151	-0.540003043	-0.09538189200000002	False
CCAACGAGGGGCACTA	-0.448024723	-0.64942437	-0.20139964699999996	True
CCACTAGGGTATACTA	-0.448122872	-0.517758061	-0.06963518899999999	False
CCACTAGCGTGCACTA	-0.448322563	-0.608342373	-0.16001981000000004	True
CCACTAGGGAACCCTA	-0.448390153	-0.606135804	-0.157745651	False
CCACTATAAGGCACTA	-0.449169542	-0.799527584	-0.35035804200000004	False
CCAAGAAGGGGCACTA	-0.449437352	-0.669944283	-0.22050693099999996	False
CCACCGAGGGGCACTA	-0.449759328	-0.192371893	0.25738743500000005	True
CCACTAGGGCTGGCTA	-0.451241353	-0.839184884	-0.387943531	False
CCATTCGGGGGCACTA	-0.452678846	-0.352575644	0.100103202	True
CCACTGCGGGGCACTA	-0.452920286	-0.528844129	-0.07592384299999999	True
CCACTATTCGGCACTA	-0.453743108	-0.960963172	-0.507220064	True
CCAGGTAGGGGCACTA	-0.453995526	-0.537474662	-0.08347913600000006	False
GGCTTAGGGGGCACTA	-0.454295661	-0.631453612	-0.17715795100000004	False
CCATGGAGGGGCACTA	-0.456719732	-0.530508926	-0.073789194	False
CCACCGCGGGGCACTA	-0.456843433	-0.509122046	-0.052278612999999974	True
CCACTAGGGAAGCCTA	-0.457137119	-0.726858238	-0.26972111900000006	False
CCATCGTGGGGCACTA	-0.457424847	-0.348533786	0.10889106100000001	True
CCACTAGATCGCACTA	-0.457490262	-0.778731685	-0.321241423	True
CCACTACTGGGCACTA	-0.460928653	-0.781875296	-0.32094664300000003	False
CCACTAGGGCCAGCTA	-0.461207091	-0.788872384	-0.327665293	False
CCACTAATAGGCACTA	-0.462336093	-0.927340568	-0.465004475	False
CCACTAGGGTTTCCTA	-0.462447419	-0.614971682	-0.15252426299999994	False
CCACTAGGGCCGTCTA	-0.463394829	-0.759667863	-0.296273034	True
CCACACTGGGGCACTA	-0.463452366	-0.737807951	-0.27435558499999996	False
CCACTAGCATGCACTA	-0.465675659	-0.749546869	-0.28387121	False
CCACTAGGGCCCTCTA	-0.467493318	-0.462787389	0.004705928999999998	False
CCATTGCGGGGCACTA	-0.468478076	-0.78509359	-0.316615514	True
CCAAAAAGGGGCACTA	-0.468777388	-0.578543798	-0.10976640999999998	False
CCACTAGGGATTACTA	-0.469372913	-0.82590667	-0.35653375699999995	False
CCATAGTGGGGCACTA	-0.47015016	-0.393134496	0.07701566399999998	False
CCAATTAGGGGCACTA	-0.470568229	-0.711393301	-0.24082507199999997	False
CCATCGAGGGGCACTA	-0.471236422	-0.449785508	0.021450913999999988	True
CCACTATGTCGCACTA	-0.471491725	-0.945982522	-0.474490797	True
CCACTAGGGAGTTCTA	-0.471563764	-0.563656197	-0.09209243300000003	False
CCACGGCGGGGCACTA	-0.471604911	-0.855276626	-0.38367171499999997	True
CCATCCGGGGGCACTA	-0.471748613	-0.476026348	-0.004277735000000005	True
CCAGCCGGGGGCACTA	-0.472339335	-0.506972054	-0.03463271899999998	True
CCACTAGGGCCTACTA	-0.472763944	-0.781903541	-0.30913959700000004	False
CCAACCGGGGGCACTA	-0.472785272	-0.630533588	-0.15774831600000006	True
CCACTAGGGAAGACTA	-0.472986309	-0.880699787	-0.40771347799999996	False
CCACTATGGTGCACTA	-0.473699102	-0.76680009	-0.29310098800000006	False
CCACTAAAAGGCACTA	-0.474318207	-0.952760412	-0.47844220499999995	False
CCACTAGGGAAACCTA	-0.474826236	-0.662375522	-0.18754928600000004	False
CCAACATGGGGCACTA	-0.475076394	-0.596205235	-0.12112884099999999	False
CCACTAGGGAAATCTA	-0.476841771	-0.741003202	-0.264161431	False
CCACTACATGGCACTA	-0.479461684	-0.644828603	-0.165366919	False
CCACTAGACCGCACTA	-0.480325667	-0.848256174	-0.36793050699999996	True
CCACTAAAGCGCACTA	-0.483235374	-1.119721252	-0.636485878	True
CCAAGTAGGGGCACTA	-0.483755377	-0.663936802	-0.18018142500000006	False
CCACGATGGGGCACTA	-0.485380662	-0.573482677	-0.08810201499999998	True
CCAATATGGGGCACTA	-0.485507816	-0.625865173	-0.14035735700000002	False
CCACTACACGGCACTA	-0.485614204	-0.892418296	-0.406804092	True
CCACTATTAGGCACTA	-0.487070277	-0.837460708	-0.35039043100000006	False
CCAGTACGGGGCACTA	-0.489331122	-0.624584509	-0.13525338699999995	True
CCACTAGGGTTAACTA	-0.489346592	-0.531836224	-0.042489631999999944	False
CCACTAGGGATTTCTA	-0.490773757	-0.782847247	-0.29207349	False
CCATTACGGGGCACTA	-0.494326624	-0.761074522	-0.26674789800000004	True
CCACTAGAAAGCACTA	-0.495235108	-0.907557052	-0.41232194400000005	False
CCACGTTGGGGCACTA	-0.49579886	-0.794664705	-0.29886584499999996	True
CCATAGCGGGGCACTA	-0.496510451	-0.693147181	-0.19663672999999993	True
CCACTAGGGTTTTCTA	-0.497234042	-0.666040798	-0.16880675600000006	False
CCAATGTGGGGCACTA	-0.498571359	-0.541665891	-0.04309453199999996	False
CCACTAGGGAATACTA	-0.499204575	-0.718626266	-0.21942169100000003	False
CCAGGGTGGGGCACTA	-0.50012164	-0.516385054	-0.016263413999999976	False
CCATTATGGGGCACTA	-0.500536653	-0.591084993	-0.0905483399999999	False
CCACTAGGGATCCCTA	-0.502951567	-0.547151979	-0.04420041200000002	False
CCACTAGGGAATCCTA	-0.503562469	-0.647684806	-0.144122337	False
CCACTAGTTCGCACTA	-0.504485867	-0.694285485	-0.189799618	True
CCATGAAGGGGCACTA	-0.505065825	-0.56424056	-0.059174735000000034	False
CCAGCGCGGGGCACTA	-0.506896346	-0.654769485	-0.147873139	True
CCACTATGTAGCACTA	-0.507993855	-0.646907788	-0.138913933	False
CCATTTAGGGGCACTA	-0.508869314	-0.597923502	-0.08905418799999998	False
CCAGAGTGGGGCACTA	-0.508934817	-0.489683187	0.019251629999999964	False
CCATACAGGGGCACTA	-0.50948244	-0.583584978	-0.074102538	False
CCACTAAGGAGCACTA	-0.510590579	-0.771362927	-0.26077234799999993	False
CCAAAATGGGGCACTA	-0.511800758	-0.514181332	-0.002380574000000024	False
CCATAATGGGGCACTA	-0.511800758	-0.637942626	-0.12614186799999993	False
CCATTGTGGGGCACTA	-0.512074843	-0.517063947	-0.0049891040000000775	False
CCACTAGGGAATTCTA	-0.512885357	-0.666713923	-0.15382856599999994	False
CCACTACAAGGCACTA	-0.513549184	-0.850485114	-0.33693593	False
CCAGTTAGGGGCACTA	-0.515188715	-0.5513962	-0.03620748500000004	False
CCACTAGCACGCACTA	-0.51733846	-0.941843806	-0.4245053459999999	True
CCAATGCGGGGCACTA	-0.522217122	-0.716998396	-0.194781274	True
CCACTAGCAAGCACTA	-0.522552837	-0.900786545	-0.378233708	False
CCACTAGGGCCAACTA	-0.523364973	-0.696956709	-0.173591736	False
CCAACACGGGGCACTA	-0.525369035	-0.662749703	-0.13738066800000004	True
CCACGCAGGGGCACTA	-0.526625209	-0.836935073	-0.31030986400000005	True
CCAAAGTGGGGCACTA	-0.527472015	-0.569154811	-0.04168279600000002	False
CCACTACGGCGCACTA	-0.527741629	-1.077993001	-0.5502513720000001	True
CCAACGTGGGGCACTA	-0.527890884	-0.488637709	0.039253174999999974	True
CCACTCTGGGGCACTA	-0.527966675	-0.560096673	-0.03212999799999994	False
CCAGAATGGGGCACTA	-0.529908438	-0.497777908	0.03213052999999999	False
CCACTTTGGGGCACTA	-0.530938617	-0.567554761	-0.03661614400000002	False
CCATGGTGGGGCACTA	-0.532840913	-0.479506941	0.05333397200000001	False
CCACTAGCGAGCACTA	-0.532892718	-0.675304047	-0.14241132899999998	True
CCATCGCGGGGCACTA	-0.533960199	-0.645137961	-0.11117776199999996	True
CCACTAGGGCTTTCTA	-0.537003277	-0.694458656	-0.15745537900000006	False
CCAGGGCGGGGCACTA	-0.537415078	-0.658230915	-0.12081583699999998	True
CCATGGCGGGGCACTA	-0.537844246	-0.762448646	-0.22460439999999993	True
CCACCTTGGGGCACTA	-0.538674076	-0.664437075	-0.1257629990000001	False
CCACTACTTGGCACTA	-0.538927855	-0.920851743	-0.381923888	False
CCACTATAGCGCACTA	-0.538996501	-1.027786236	-0.4887897350000001	True
CCAGCACGGGGCACTA	-0.541916211	-0.79826136	-0.25634514900000005	True
CCATCAAGGGGCACTA	-0.543876611	-0.504210385	0.039666225999999916	False
CCACTCAGGGGCACTA	-0.543934782	-0.566733256	-0.022798474000000013	False
CCACTAGGGATGGCTA	-0.545276853	-0.82757745	-0.2823005970000001	False
CCACGCTGGGGCACTA	-0.54543971	-0.966014167	-0.42057445699999996	True
CCACTAGCTAGCACTA	-0.545955471	-0.778884092	-0.232928621	False
CCACCCAGGGGCACTA	-0.547359367	-0.624154309	-0.07679494200000003	False
CCAGACAGGGGCACTA	-0.548001256	-0.563862079	-0.015860822999999913	False
CCACATCGGGGCACTA	-0.548775573	-0.571044484	-0.022268910999999947	True
CCACTAAGTAGCACTA	-0.552789823	-0.902754146	-0.349964323	False
CCACTACTAGGCACTA	-0.553945767	-1.04808148	-0.49413571300000003	False
CCACTAGGGCTTCCTA	-0.555609226	-0.647000578	-0.09139135200000004	False
CCACTAGGGCAACCTA	-0.557061508	-0.414433778	0.14262773	False
CCAGGAAGGGGCACTA	-0.560326268	-0.604419065	-0.04409279700000002	False
CCACTAACGGGCACTA	-0.563748025	-0.873844042	-0.310096017	True
CCAGTGCGGGGCACTA	-0.566306858	-0.756527624	-0.19022076599999993	True
CCAGAGCGGGGCACTA	-0.566346334	-0.789345328	-0.222998994	True
CCACTAAGACGCACTA	-0.567174403	-1.020720582	-0.45354617900000005	True
CCACTACTCGGCACTA	-0.570072727	-1.186926937	-0.61685421	True
CCAGCCAGGGGCACTA	-0.570175548	-0.639943144	-0.06976759599999993	False
CCACTTCGGGGCACTA	-0.572892277	-0.793136152	-0.22024387499999998	True
CCACTAACAGGCACTA	-0.573017644	-0.878069519	-0.305051875	False
CCAAGGAGGGGCACTA	-0.574233307	-0.782462706	-0.20822939900000004	False
CCAACAAGGGGCACTA	-0.576362049	-0.705342454	-0.12898040499999996	False
CCACTAACTGGCACTA	-0.576577001	-0.990254393	-0.413677392	False
CCAGACCGGGGCACTA	-0.577606105	-0.839021951	-0.261415846	True
CCAGAAAGGGGCACTA	-0.578552487	-0.446126447	0.13242603999999997	False
CCATCATGGGGCACTA	-0.579758523	-0.503334952	0.07642357099999997	False
CCAAGCAGGGGCACTA	-0.58129888	-0.752785447	-0.1714865670000001	False
CCATGTTGGGGCACTA	-0.581824712	-0.833729131	-0.25190441900000005	False
CCACTAAGCCGCACTA	-0.582114708	-1.063955355	-0.48184064700000007	True
CCATTCAGGGGCACTA	-0.58388041	-0.709877609	-0.12599719899999995	False
CCATCCAGGGGCACTA	-0.58831943	-0.624879209	-0.03655977900000007	False
CCAGGCAGGGGCACTA	-0.589146978	-0.684284493	-0.095137515	False
CCACTATATAGCACTA	-0.58926846	-1.005178282	-0.41590982199999993	False
CCACTATCGGGCACTA	-0.592529248	-0.928287448	-0.3357582	True
CCAGCTTGGGGCACTA	-0.593326845	-0.710144757	-0.11681791200000002	False
CCACTACGGTGCACTA	-0.59582893	-0.945213771	-0.349384841	True
CCATCACGGGGCACTA	-0.596980889	-0.955920527	-0.35893963799999995	True
CCACTAACCGGCACTA	-0.599507117	-1.176713876	-0.577206759	True
CCACTACGGAGCACTA	-0.603659022	-1.028733547	-0.4250745250000001	True
CCACTATGATGCACTA	-0.603948098	-0.898768381	-0.29482028299999996	False
CCACTAAGCTGCACTA	-0.604629168	-1.102078497	-0.49744932899999994	False
CCACTACCAGGCACTA	-0.606135804	-1.3118302	-0.705694396	False
CCACACCGGGGCACTA	-0.606135804	-0.611526652	-0.005390848000000004	True
CCATGATGGGGCACTA	-0.608755843	-0.595383012	0.013372830999999974	False
CCACTACGCAGCACTA	-0.609116432	-1.198812454	-0.589696022	True
CCACTAAAGAGCACTA	-0.610418465	-1.111474202	-0.501055737	False
CCACTAGCCTGCACTA	-0.611691045	-1.082351768	-0.47066072300000006	False
CCACTATGACGCACTA	-0.612429091	-0.781295567	-0.16886647600000004	True
CCACTAAGTCGCACTA	-0.612517446	-1.078511109	-0.4659936629999999	True
CCAAAGCGGGGCACTA	-0.613576505	-0.706017371	-0.0924408659999999	True
CCAACGCGGGGCACTA	-0.61400986	-0.643385671	-0.029375810999999974	True
CCACTATGAAGCACTA	-0.614587811	-0.930731416	-0.31614360499999994	False
CCACTCCGGGGCACTA	-0.614769752	-0.920309491	-0.3055397390000001	True
CCACTAGGGCCTTCTA	-0.615976913	-0.833572693	-0.21759578000000002	False
CCAGGATGGGGCACTA	-0.616676817	-0.674074765	-0.057397947999999976	False
CCAATACGGGGCACTA	-0.61754444	-0.712949808	-0.09540536799999999	True
CCACGTCGGGGCACTA	-0.618124853	-0.887775562	-0.269650709	True
CCATGCAGGGGCACTA	-0.619687591	-0.676110993	-0.056423401999999956	False
CCACCCTGGGGCACTA	-0.624154309	-0.657640492	-0.03348618299999995	False
CCACTAAAGTGCACTA	-0.625938431	-1.205222024	-0.579283593	False
CCACGCCGGGGCACTA	-0.626610657	-1.000172216	-0.373561559	True
CCAGGTTGGGGCACTA	-0.626839202	-0.846770573	-0.21993137100000004	False
CCACTATAGAGCACTA	-0.626915179	-0.84729786	-0.2203826809999999	False
CCATGACGGGGCACTA	-0.627103768	-0.949212212	-0.32210844400000005	True
CCAAGATGGGGCACTA	-0.628608659	-0.756014459	-0.1274058	False
CCACTAGGGCTTACTA	-0.629881734	-0.667267733	-0.03738599899999995	False
CCACTACGAAGCACTA	-0.632073625	-1.266150049	-0.634076424	True
CCACTAATGCGCACTA	-0.632715441	-1.132867313	-0.500151872	True
CCAAGTTGGGGCACTA	-0.632883997	-0.884633412	-0.25174941500000003	False
CCACTACGTAGCACTA	-0.633190388	-1.04361021	-0.41041982199999993	True
CCAAACAGGGGCACTA	-0.633885717	-0.670601942	-0.03671622500000005	False
CCACCCCGGGGCACTA	-0.639658496	-1.012377611	-0.372719115	True
CCAGATTGGGGCACTA	-0.639991441	-0.727611345	-0.08761990399999997	False
CCACTATGCCGCACTA	-0.64377758	-1.135999821	-0.492222241	True
CCAGACTGGGGCACTA	-0.644102401	-0.808458027	-0.16435562599999998	False
CCACTACAGCGCACTA	-0.645223192	-1.163635189	-0.5184119970000001	True
CCATAACGGGGCACTA	-0.647220742	-0.916290732	-0.26906999	True
CCAAGGCGGGGCACTA	-0.649161032	-0.820980552	-0.17181952	True
CCACTAGCTCGCACTA	-0.649344558	-0.973566098	-0.32422154000000003	True
CCAGTTTGGGGCACTA	-0.650837205	-0.809980097	-0.15914289199999998	False
CCACTATGCAGCACTA	-0.6509607	-0.787864943	-0.13690424300000004	False
CCACTAATAAGCACTA	-0.655143383	-1.366435552	-0.711292169	False
CCACTATCCGGCACTA	-0.656508497	-1.297141656	-0.640633159	True
CCACTAAGATGCACTA	-0.657610446	-1.107914681	-0.45030423500000005	False
CCAAATTGGGGCACTA	-0.659117432	-0.893000014	-0.233882582	False
CCACTAAGCAGCACTA	-0.662687973	-1.044809583	-0.3821216099999999	False
CCACTACGACGCACTA	-0.663241698	-1.321155059	-0.6579133610000001	True
CCACTAAGTTGCACTA	-0.663779811	-1.061757196	-0.397977385	False
CCACTACGTCGCACTA	-0.665559224	-1.461195669	-0.7956364450000001	True
CCACTATTGCGCACTA	-0.666076524	-1.106564617	-0.44048809300000014	True
CCACTATCTGGCACTA	-0.667084335	-0.968871541	-0.301787206	False
CCACTATGCTGCACTA	-0.671071229	-1.035113936	-0.36404270699999985	False
CCATGCTGGGGCACTA	-0.671431614	-0.830113036	-0.15868142200000002	False
CCACTAAGAAGCACTA	-0.672293344	-1.125280536	-0.45298719200000004	False
CCACTAATGTGCACTA	-0.673919752	-1.216395324	-0.5424755720000001	False
CCACCTCGGGGCACTA	-0.676132076	-0.826678573	-0.150546497	True
CCACTACGCCGCACTA	-0.676149604	-1.292080072	-0.6159304680000001	True
CCACTATGTTGCACTA	-0.676424383	-0.965561781	-0.28913739800000005	False
CCATACTGGGGCACTA	-0.677163889	-0.970966728	-0.2938028389999999	False
CCATATCGGGGCACTA	-0.677879708	-0.935548548	-0.25766884	True
CCAAGACGGGGCACTA	-0.679783953	-0.962697105	-0.282913152	True
CCACTACGCTGCACTA	-0.68402751	-1.264459008	-0.580431498	True
CCAAAACGGGGCACTA	-0.684848378	-0.906566182	-0.22171780400000007	True
CCACTATACAGCACTA	-0.685204327	-1.098612289	-0.4134079620000001	False
CCAACCCGGGGCACTA	-0.685838987	-1.156320606	-0.47048161899999996	True
CCACTATCAGGCACTA	-0.689532408	-1.185486142	-0.495953734	False
CCAACTTGGGGCACTA	-0.696280342	-0.828751113	-0.13247077100000004	False
CCATGTCGGGGCACTA	-0.697766126	-1.016070487	-0.3183043609999999	True
CCACTAGCTTGCACTA	-0.69897244	-0.984572239	-0.285599799	False
CCAGTCTGGGGCACTA	-0.699097611	-0.849002164	-0.14990455299999994	False
CCATATTGGGGCACTA	-0.699889468	-0.685900772	0.013988695999999967	False
CCAGTCAGGGGCACTA	-0.700264648	-0.801880381	-0.10161573300000004	False
CCACTAACACGCACTA	-0.701163256	-1.468986077	-0.7678228210000001	True
CCACTACCTGGCACTA	-0.70484322	-1.227943552	-0.523100332	False
CCACTACCGGGCACTA	-0.706076252	-1.257120274	-0.551044022	True
CCAATTCGGGGCACTA	-0.708348342	-1.053448022	-0.34509968	True
CCAGGTCGGGGCACTA	-0.708631361	-0.878510234	-0.16987887299999993	True
CCAGCTCGGGGCACTA	-0.70992297	-0.898108413	-0.18818544299999995	True
CCAGTTCGGGGCACTA	-0.709934146	-0.915185149	-0.205251003	True
CCACTAGCCAGCACTA	-0.710048991	-0.844648852	-0.134599861	False
CCACTAATCAGCACTA	-0.712755652	-1.23441383	-0.521658178	False
CCACTATTGAGCACTA	-0.712913395	-1.001516793	-0.288603398	False
CCAGGCTGGGGCACTA	-0.712921836	-0.863529847	-0.15060801099999999	False
CCACTATAGTGCACTA	-0.715319183	-1.076139433	-0.36082025000000006	False
CCAGCCTGGGGCACTA	-0.717502988	-0.877780877	-0.16027788899999995	False
CCATTTCGGGGCACTA	-0.718780221	-1.00084812	-0.28206789899999984	True
CCATCCCGGGGCACTA	-0.719525746	-1.21792461	-0.4983988640000001	True
CCACTAACAAGCACTA	-0.720386219	-0.977775816	-0.25738959699999997	False
CCATCTTGGGGCACTA	-0.721199511	-0.962340417	-0.24114090599999993	False
CCAATCTGGGGCACTA	-0.722685193	-0.95584877	-0.233163577	False
CCACTAAATAGCACTA	-0.72692817	-1.288920197	-0.561992027	False
CCACTACGATGCACTA	-0.728188306	-1.21830263	-0.490114324	True
CCACTATTGTGCACTA	-0.72983626	-1.148468977	-0.41863271700000004	False
CCACTAATGAGCACTA	-0.730732746	-0.917220532	-0.18648778599999993	False
CCAATCAGGGGCACTA	-0.733529518	-0.78845736	-0.054927842000000004	False
CCAAGCTGGGGCACTA	-0.742050988	-0.966014167	-0.22396317899999996	False
CCAGATCGGGGCACTA	-0.742145267	-0.951076848	-0.20893158099999998	True
CCAAACTGGGGCACTA	-0.743951756	-0.916290732	-0.17233897600000003	False
CCACTACCCGGCACTA	-0.74730452	-1.321082212	-0.5737776920000001	True
CCAATTTGGGGCACTA	-0.747718271	-0.88946349	-0.14174521900000003	False
CCATTTTGGGGCACTA	-0.74825094	-0.835974314	-0.08772337399999997	False
CCAAATCGGGGCACTA	-0.750041847	-1.083142367	-0.33310052	True
CCACTACAGTGCACTA	-0.754012525	-1.110269373	-0.3562568479999999	False
CCACTATTACGCACTA	-0.755845775	-1.263289381	-0.507443606	True
CCACTATATCGCACTA	-0.755865459	-1.435084525	-0.6792190659999999	True
CCACTAATATGCACTA	-0.758315143	-1.121792134	-0.3634769910000001	False
CCACTACACAGCACTA	-0.761116511	-1.413323034	-0.652206523	False
CCAAGTCGGGGCACTA	-0.761540621	-1.106334335	-0.3447937139999999	True
CCAGGACGGGGCACTA	-0.766634442	-0.809540362	-0.04290592000000004	True
CCAGTCCGGGGCACTA	-0.767537998	-1.106202458	-0.33866446000000006	True
CCACTATAATGCACTA	-0.768013893	-1.378914254	-0.6109003609999999	False
CCACTACTATGCACTA	-0.77126496	-1.316821988	-0.545557028	False
CCAAGCCGGGGCACTA	-0.773922221	-1.216112559	-0.44219033799999996	True
CCACTATTATGCACTA	-0.775229063	-1.211491637	-0.4362625739999999	False
CCACTAAACCGCACTA	-0.776262087	-1.229948291	-0.4536862039999999	True
CCACTAGCCCGCACTA	-0.777073388	-1.144703396	-0.3676300079999999	True
CCACTAATTAGCACTA	-0.77992392	-1.477838058	-0.6979141379999999	False
CCACTATAAAGCACTA	-0.786531505	-1.128200246	-0.341668741	False
CCACTATACCGCACTA	-0.786711313	-1.233953637	-0.44724232399999997	True
CCAGCCCGGGGCACTA	-0.786945263	-1.2443241	-0.45737883700000004	True
CCACTAACGAGCACTA	-0.787591184	-1.31950612	-0.531914936	True
CCACTAAATCGCACTA	-0.789619701	-1.701811233	-0.9121915319999999	True
CCAGGCCGGGGCACTA	-0.793181035	-1.141671778	-0.34849074300000005	True
CCACTATTAAGCACTA	-0.794332325	-1.160089062	-0.365756737	False
CCACTATATTGCACTA	-0.79689749	-1.315676794	-0.518779304	False
CCAGAACGGGGCACTA	-0.796902911	-0.666045251	0.13085766	True
CCATCTCGGGGCACTA	-0.796974793	-0.99114702	-0.19417222700000003	True
CCACTACTGTGCACTA	-0.797016348	-1.184295169	-0.3872788210000001	False
CCAACCAGGGGCACTA	-0.797659879	-0.900290391	-0.10263051199999995	False
CCACTACTAAGCACTA	-0.798202772	-1.289232648	-0.49102987600000003	False
CCATTCTGGGGCACTA	-0.7992019	-0.778277922	0.02092397800000001	False
CCACTAATACGCACTA	-0.800093739	-1.380784705	-0.5806909659999999	True
CCAACCTGGGGCACTA	-0.80036408	-0.928628106	-0.12826402599999998	False
CCACTACACTGCACTA	-0.801444556	-1.455670301	-0.6542257450000001	False
CCACTACGTTGCACTA	-0.803873024	-1.190525391	-0.38665236699999994	True
CCACTATTTAGCACTA	-0.808625183	-1.222893792	-0.41426860900000007	False
CCACTACTGCGCACTA	-0.808870483	-1.107300441	-0.29842995800000005	True
CCACTACATCGCACTA	-0.809971903	-1.371331488	-0.561359585	True
CCACTAACTAGCACTA	-0.810005403	-1.491992658	-0.681987255	False
CCACTAAACTGCACTA	-0.8119044	-1.299282984	-0.487378584	False
CCACTAAAACGCACTA	-0.814550428	-1.650445936	-0.8358955079999999	True
CCAATCCGGGGCACTA	-0.821247183	-1.357856426	-0.5366092429999999	True
CCATACCGGGGCACTA	-0.821907275	-1.01315814	-0.191250865	True
CCACTACACCGCACTA	-0.823200309	-1.499623046	-0.676422737	True
CCATTCCGGGGCACTA	-0.828519629	-1.048816594	-0.22029696500000007	True
CCACTACTCAGCACTA	-0.832098641	-1.275818745	-0.44372010400000006	False
CCACTATCGCGCACTA	-0.835096282	-1.417290461	-0.5821941789999999	True
CCACTACCGAGCACTA	-0.836995129	-1.273884794	-0.43688966500000004	True
CCACTACAGAGCACTA	-0.838732498	-1.049015348	-0.2102828499999999	False
CCACTATACTGCACTA	-0.838988169	-1.20922216	-0.370233991	False
CCACTAAACAGCACTA	-0.841892442	-1.412727618	-0.5708351759999999	False
CCATCCTGGGGCACTA	-0.842713123	-1.072771057	-0.23005793399999996	False
CCACTAACGTGCACTA	-0.845846481	-1.453433664	-0.607587183	True
CCACTAACGCGCACTA	-0.846764669	-1.504077397	-0.6573127280000001	True
CCACTACAAAGCACTA	-0.848152927	-1.378326191	-0.530173264	False
CCACTATTCAGCACTA	-0.848721855	-1.287012892	-0.43829103699999994	False
CCACTAATTCGCACTA	-0.848979593	-1.710534029	-0.8615544359999999	True
CCACTACATAGCACTA	-0.857859648	-1.131906017	-0.2740463689999999	False
CCAACTCGGGGCACTA	-0.862223511	-1.061398692	-0.19917518099999998	True
CCACTAACCAGCACTA	-0.866884994	-1.30235991	-0.4354749160000001	False
CCATGCCGGGGCACTA	-0.868204545	-0.894629235	-0.02642469000000003	True
CCACTAAATTGCACTA	-0.873798108	-1.388186509	-0.514388401	False
CCACTATCGTGCACTA	-0.875156286	-1.141537333	-0.2663810470000001	True
CCACTAATCTGCACTA	-0.875835777	-1.380764393	-0.5049286159999999	False
CCACTACCAAGCACTA	-0.877532722	-1.56498615	-0.687453428	False
CCAAACCGGGGCACTA	-0.877780877	-0.88361995	-0.0058390730000000834	True
CCACTATCATGCACTA	-0.879889569	-1.330864556	-0.45097498700000005	False
CCACTAACATGCACTA	-0.884653647	-1.180499448	-0.2958458009999999	False
CCACTACCGCGCACTA	-0.885141032	-1.415621976	-0.5304809439999999	True
CCACTATTCTGCACTA	-0.888430167	-1.465491403	-0.5770612359999999	False
CCACTATAACGCACTA	-0.891409065	-1.609437912	-0.718028847	True
CCACTAATCCGCACTA	-0.891422665	-1.718071753	-0.826649088	True
CCACTACTGAGCACTA	-0.891726787	-1.108847793	-0.21712100600000006	False
CCACTACCATGCACTA	-0.900417383	-1.473550806	-0.573133423	False
CCACTACAATGCACTA	-0.901104723	-1.401182974	-0.5000782509999999	False
CCACTACTACGCACTA	-0.910211686	-1.31594187	-0.40573018400000005	True
CCACTATCTAGCACTA	-0.913806259	-1.249843258	-0.33603699900000006	False
CCACTATCGAGCACTA	-0.916882273	-1.234488348	-0.31760607499999993	True
CCACTACCTAGCACTA	-0.917591404	-1.844751999	-0.927160595	False
CCACTACCACGCACTA	-0.919511347	-1.510857084	-0.5913457369999999	True
CCACTACTTAGCACTA	-0.924501208	-1.29995121	-0.3754500019999999	False
CCACTAAAAAGCACTA	-0.932925792	-1.840549633	-0.9076238409999999	False
CCACTACAACGCACTA	-0.94127716	-1.675035195	-0.733758035	True
CCACTAACCTGCACTA	-0.94171583	-1.625438254	-0.683722424	False
CCACTATTTCGCACTA	-0.958475142	-1.885217368	-0.926742226	True
CCACTACCCAGCACTA	-0.960938197	-1.474155717	-0.5132175199999999	False
CCACTATTCCGCACTA	-0.966638124	-1.514127733	-0.547489609	True
CCACTATCACGCACTA	-0.970149902	-1.794401479	-0.8242515770000001	True
CCACTATCAAGCACTA	-0.97455964	-1.501490073	-0.5269304330000001	False
CCACTATCCCGCACTA	-0.975379648	-1.706461889	-0.7310822410000001	True
CCACTACTCTGCACTA	-0.989239732	-1.208755868	-0.21951613599999986	False
CCACTACATTGCACTA	-0.992578146	-1.443645658	-0.45106751200000006	False
CCACTAACCCGCACTA	-0.994815495	-1.7669443	-0.772128805	True
CCACTAAAATGCACTA	-1.004374141	-1.933299641	-0.9289255000000001	False
CCACTACCGTGCACTA	-1.015180961	-1.560817225	-0.5456362640000001	True
CCACTAACTCGCACTA	-1.017239617	-1.777534478	-0.760294861	True
CCACTATCCAGCACTA	-1.020786943	-1.93747128	-0.916684337	False
CCACTAATTTGCACTA	-1.02177624	-1.673153727	-0.6513774870000002	False
CCACTATCCTGCACTA	-1.042653635	-1.598508842	-0.555855207	False
CCACTATTTTGCACTA	-1.042737057	-1.81606486	-0.7733278029999999	False
CCACTATCTCGCACTA	-1.078702129	-2.012880775	-0.9341786460000001	True
CCACTACTTCGCACTA	-1.090695731	-1.740839379	-0.650143648	True
CCACTACTCCGCACTA	-1.116529901	-1.263420263	-0.14689036199999994	True
CCACTACCCTGCACTA	-1.117480773	-1.833432166	-0.7159513929999999	False
CCACTACCCCGCACTA	-1.11865304	-1.915907899	-0.7972548589999999	True
CCACTATCTTGCACTA	-1.140134155	-1.672214319	-0.5320801640000001	False
CCACTACTTTGCACTA	-1.154599605	-1.657281555	-0.5026819499999999	False
CCACTACCTCGCACTA	-1.176654996	-2.207587364	-1.0309323680000002	True
CCACTACCTTGCACTA	-1.192872462	-1.726050673	-0.5331782110000001	False
CCACTAACTTGCACTA	-1.19998657	-1.780586169	-0.5805995989999999	False
