Genotype	Score	Delta	Genotypeset
TAATTGGATTA	-2.73789731680557	0	set1
TAATTAGATTA	-2.83620977837354	0	set1
TAATTGCATTA	-3.03099092408506	0	set1
TAATTACATTA	-3.12930338565304	0	set1
TAATTGGGTTA	-3.35157352835794	0	set1
TAATTAGGTTA	-3.44988598992591	0	set1
TAATTMGATTA	-3.45552124379207	0	set1
TAATTGMGTTA	-3.64466713563744	0	set1
TAATTTGATTA	-3.70980195987957	0	set1
TAATTGAATTA	-3.72308630333847	0	set1
TAATTAMGTTA	-3.74297959720541	0	set1
TAATTCCATTA	-3.74861485107156	0	set1
TAATTAAATTA	-3.82139876490645	0	set1
TAATTTCATTA	-4.00289556715907	0	set1
TAATTMGGTTA	-4.06919745534444	0	set1
TAATMGGATTA	-4.27276653374216	0	set1
TAATTTGGTTA	-4.32347817143194	0	set1
TAATTGAGTTA	-4.33676251489084	0	set1
TAATTCMGTTA	-4.36229106262394	0	set1
TAATCAGATTA	-4.37107899531013	0	set1
TAATGGGATTA	-4.4176001632292	0	set1
TAATTAAGTTA	-4.43507497645882	0	set1
TAATTCAATTA	-4.44071023032497	0	set1
TAATGAGATTA	-4.51591262479718	0	set1
TAATMGCATTA	-4.56586014102166	0	set1
TAATTTMGTTA	-4.61657177871144	0	set1
TAATCACATTA	-4.66417260258963	0	set1
TAATTTAATTA	-4.69499094641248	0	set1
TAATGGCATTA	-4.7106937705087	0	set1
TAATGACATTA	-4.80900623207668	0	set1
TAATMGGGTTA	-4.88644274529453	0	set1
TAATCAGGTTA	-4.98475520686251	0	set1
TAATCMGATTA	-4.99039046072866	0	set1
TAATGGGGTTA	-5.03127637478158	0	set1
TAATTCAGTTA	-5.05438644187734	0	set1
TAATGAGGTTA	-5.12958883634955	0	set1
TAATGMGATTA	-5.1352240902157	0	set1
TAATMGMGTTA	-5.17953635257403	0	set1
TAATTGTATTA	-5.19065058126208	0	set1
TAACTGGATTA	-5.19485558378732	0	set1
TAATCTGATTA	-5.24467117681616	0	set1
TAATMGAATTA	-5.25795552027506	0	set1
TAATCAMGTTA	-5.27784881414201	0	set1
TAATCCCATTA	-5.28348406800816	0	set1
TAATTATATTA	-5.28896304283005	0	set1
TAACTAGATTA	-5.29316804535529	0	set1
TAATTTAGTTA	-5.30866715796485	0	set1
TAATGGMGTTA	-5.32436998206108	0	set1
TAATCAAATTA	-5.35626798184304	0	set1
TAATGTGATTA	-5.38950480630321	0	set1
TAATGGAATTA	-5.40278914976211	0	set1
TAATGAMGTTA	-5.42268244362905	0	set1
TAATGCCATTA	-5.4283176974952	0	set1
TAACTGCATTA	-5.48794919106682	0	set1
TAATGAAATTA	-5.50110161133009	0	set1
TAATCTCATTA	-5.53776478409566	0	set1
TAACTACATTA	-5.58626165263479	0	set1
TAATCMGGTTA	-5.60406667228103	0	set1
TAATGTCATTA	-5.6825984135827	0	set1
TAATGMGGTTA	-5.74890030176808	0	set1
TAATTGTGTTA	-5.80432679281445	0	set1
TAACTGGGTTA	-5.80853179533969	0	set1
TAATCTGGTTA	-5.85834738836853	0	set1
TAATMGAGTTA	-5.87163173182744	0	set1
TAATCCMGTTA	-5.89716027956053	0	set1
TAATTATGTTA	-5.90263925438242	0	set1
TAACTAGGTTA	-5.90684425690766	0	set1
TAATTCTATTA	-5.90827450824858	0	set1
TAACTMGATTA	-5.91247951077382	0	set1
TAATCAAGTTA	-5.96994419339541	0	set1
TAATCCAATTA	-5.97557944726156	0	set1
TAATGTGGTTA	-6.00318101785558	0	set1
TAATGGAGTTA	-6.01646536131448	0	set1
TAATGCMGTTA	-6.04199390904757	0	set1
TAACTGMGTTA	-6.10162540261919	0	set1
TAATGAAGTTA	-6.11477782288246	0	set1
TAATGCAATTA	-6.12041307674861	0	set1
TAATTGGATTT	-6.13133842689636	0	set1
TAATCTMGTTA	-6.15144099564803	0	set1
TAATTTTATTA	-6.16255522433608	0	set1
TAACTTGATTA	-6.16676022686132	0	set1
TAACTGAATTA	-6.18004457032022	0	set1
TAACTAMGTTA	-6.19993786418716	0	set1
TAACTCCATTA	-6.20557311805331	0	set1
TAATAGGATTA	-6.21558421563858	0	set1
TAATTAGATTT	-6.22965088846434	0	set1
TAATCTAATTA	-6.22986016334907	0	set1
TAACTAAATTA	-6.2783570318882	0	set1
TAATGTMGTTA	-6.29627462513508	0	set1
TAATAAGATTA	-6.31389667720656	0	set1
TAATGTAATTA	-6.37469379283611	0	set1
TAATTGCATTT	-6.42443203417586	0	set1
TAACTTCATTA	-6.45985383414082	0	set1
TAATAGCATTA	-6.50867782291808	0	set1
TAATTCTGTTA	-6.52195071980095	0	set1
TAATTACATTT	-6.52274449574384	0	set1
TAACTMGGTTA	-6.52615572232619	0	set1
TAATCCAGTTA	-6.58925565881394	0	set1
TAATAACATTA	-6.60699028448606	0	set1
AAATTGGATTA	-6.65773722412532	0	set1
TAATMGTATTA	-6.72551979819867	0	set1
TAACMGGATTA	-6.72972480072391	0	set1
TAATGCAGTTA	-6.73408928830098	0	set1
TAATTGGGTTT	-6.74501463844873	0	set1
AAATTAGATTA	-6.7560496856933	0	set1
TAATTTTGTTA	-6.77623143588845	0	set1
TAACTTGGTTA	-6.78043643841369	0	set1
TAACTGAGTTA	-6.79372078187259	0	set1
TAACTCMGTTA	-6.81924932960569	0	set1
TAATCATATTA	-6.82383225976664	0	set1
TAACCAGATTA	-6.82803726229188	0	set1
TAATAGGGTTA	-6.82926042719095	0	set1
TAATTAGGTTT	-6.84332710001671	0	set1
TAATCTAGTTA	-6.84353637490144	0	set1
TAATTMGATTT	-6.84896235388286	0	set1
TAATGGTATTA	-6.87035342768571	0	set1
TAAMGGGATTA	-6.87455843021095	0	set1
TAACTAAGTTA	-6.89203324344057	0	set1
TAACTCAATTA	-6.89766849730672	0	set1
TAATAAGGTTA	-6.92757288875893	0	set1
TAATAMGATTA	-6.93320814262508	0	set1
AAATTGCATTA	-6.95083083140482	0	set1
TAATGATATTA	-6.96866588925369	0	set1
TAAMGAGATTA	-6.97287089177893	0	set1
TAATGTAGTTA	-6.98837000438848	0	set1
TAACMGCATTA	-7.02281840800341	0	set1
TAATTGMGTTT	-7.03810824572823	0	set1
AAATTACATTA	-7.0491432929728	0	set1
TAACTTMGTTA	-7.07353004569319	0	set1
TAATTTGATTT	-7.10324306997036	0	set1
TAATTGAATTT	-7.11652741342927	0	set1
TAACCACATTA	-7.12113086957138	0	set1
TAATAGMGTTA	-7.12235403447045	0	set1
TAATTAMGTTT	-7.13642070729621	0	set1
TAATTCCATTT	-7.14205596116236	0	set1
TAACTTAATTA	-7.15194921339423	0	set1
TAAMGGCATTA	-7.16765203749045	0	set1
TAATATGATTA	-7.18748885871258	0	set1
TAATAGAATTA	-7.20077320217149	0	set1
TAATTAAATTT	-7.21483987499725	0	set1
TAATAAMGTTA	-7.22066649603843	0	set1
TAATACCATTA	-7.22630174990458	0	set1
TAAMGACATTA	-7.26596449905843	0	set1
AAATTGGGTTA	-7.27141343567769	0	set1
TAATAAAATTA	-7.29908566373947	0	set1
TAATMGTGTTA	-7.33919600975104	0	set1
TAACMGGGTTA	-7.34340101227628	0	set1
AAATTAGGTTA	-7.36972589724567	0	set1
AAATTMGATTA	-7.37536115111182	0	set1
TAATTTCATTT	-7.39633667724986	0	set1
TAATCATGTTA	-7.43750847131902	0	set1
TAACCAGGTTA	-7.44171347384426	0	set1
TAATCCTATTA	-7.44314372518517	0	set1
TAACCMGATTA	-7.44734872771041	0	set1
TAATTMGGTTT	-7.46263856543523	0	set1
TAATATCATTA	-7.48058246599208	0	set1
TAATGGTGTTA	-7.48402963923809	0	set1
TAAMGGGGTTA	-7.48823464176333	0	set1
TAACTCAGTTA	-7.51134470885909	0	set1
TAATAMGGTTA	-7.54688435417745	0	set1
AAATTGMGTTA	-7.56450704295719	0	set1
TAATGATGTTA	-7.58234210080606	0	set1
TAAMGAGGTTA	-7.5865471033313	0	set1
TAATGCTATTA	-7.58797735467221	0	set1
TAAMGMGATTA	-7.59218235719745	0	set1
AAATTTGATTA	-7.62964186719933	0	set1
TAACMGMGTTA	-7.63649461955578	0	set1
AAATTGAATTA	-7.64292621065823	0	set1
TAACTGTATTA	-7.64760884824383	0	set1
AAATTAMGTTA	-7.66281950452517	0	set1
TAATMGGATTT	-7.66620764383295	0	set1
AAATTCCATTA	-7.66845475839132	0	set1
TAATCTTATTA	-7.69742444127267	0	set1
TAACCTGATTA	-7.70162944379791	0	set1
TAACMGAATTA	-7.71491378725682	0	set1
TAATTTGGTTT	-7.71691928152274	0	set1
TAATTGAGTTT	-7.73020362498164	0	set1
TAACCAMGTTA	-7.73480708112376	0	set1
TAACCCCATTA	-7.74044233498991	0	set1
AAATTAAATTA	-7.74123867222621	0	set1
TAACTATATTA	-7.7459213098118	0	set1
TAATTCMGTTT	-7.75573217271473	0	set1
TAATCAGATTT	-7.76452010540093	0	set1
TAACTTAGTTA	-7.7656254249466	0	set1
TAAMGGMGTTA	-7.78132824904282	0	set1
TAATATGGTTA	-7.80116507026496	0	set1
TAATGGGATTT	-7.81104127332	0	set1
TAACCAAATTA	-7.81322624882479	0	set1
TAATAGAGTTA	-7.81444941372386	0	set1
TAATTAAGTTT	-7.82851608654962	0	set1
TAATTCAATTT	-7.83415134041577	0	set1
TAATACMGTTA	-7.83997796145695	0	set1
TAATGTTATTA	-7.84225807075972	0	set1
TAAMGTGATTA	-7.84646307328495	0	set1
TAAMGGAATTA	-7.85974741674386	0	set1
TAAMGAMGTTA	-7.8796407106108	0	set1
TAAMGCCATTA	-7.88527596447695	0	set1
TAATGAGATTT	-7.90935373488798	0	set1
TAATAAAGTTA	-7.91276187529184	0	set1
TAATACAATTA	-7.91839712915799	0	set1
AAATTTCATTA	-7.92273547447882	0	set1
TAAMGAAATTA	-7.95805987831184	0	set1
TAATMGCATTT	-7.95930125111245	0	set1
AAATTMGGTTA	-7.98903736266419	0	set1
TAACCTCATTA	-7.99472305107741	0	set1
TAATTTMGTTT	-8.01001288880224	0	set1
TAATCCTGTTA	-8.05681993673754	0	set1
TAATCACATTT	-8.05761371268043	0	set1
TAACCMGGTTA	-8.06102493926278	0	set1
TAATTTAATTT	-8.08843205650327	0	set1
TAATATMGTTA	-8.09425867754446	0	set1
TAATGGCATTT	-8.1041348805995	0	set1
TAAMGTCATTA	-8.13955668056446	0	set1
TAATATAATTA	-8.17267784524549	0	set1
AAATMGGATTA	-8.19260644106191	0	set1
TAATGCTGTTA	-8.20165356622459	0	set1
TAATGACATTT	-8.20244734216748	0	set1
TAAMGMGGTTA	-8.20585856874983	0	set1
AAATTTGGTTA	-8.2433180787517	0	set1
AAATTGAGTTA	-8.2566024222106	0	set1
TAACTGTGTTA	-8.2612850597962	0	set1
TAATMGGGTTT	-8.27988385538533	0	set1
AAATTCMGTTA	-8.28213096994369	0	set1
AAATCAGATTA	-8.29091890262989	0	set1
TAATCTTGTTA	-8.31110065282504	0	set1
TAACCTGGTTA	-8.31530565535028	0	set1
TAACMGAGTTA	-8.32858999880919	0	set1
AAATGGGATTA	-8.33744007054896	0	set1
TAACCCMGTTA	-8.35411854654228	0	set1
AAATTAAGTTA	-8.35491488377858	0	set1
TAACTATGTTA	-8.35959752136417	0	set1
AAATTCAATTA	-8.36055013764473	0	set1
TAACTCTATTA	-8.36523277523033	0	set1
TAATCAGGTTT	-8.3781963169533	0	set1
TAATCMGATTT	-8.38383157081945	0	set1
TAATGGGGTTT	-8.42471748487237	0	set1
TAACCAAGTTA	-8.42690246037716	0	set1
TAACCCAATTA	-8.43253771424332	0	set1
AAATGAGATTA	-8.43575253211694	0	set1
TAATTCAGTTT	-8.44782755196814	0	set1
TAATGTTGTTA	-8.45593428231209	0	set1
TAAMGTGGTTA	-8.46013928483733	0	set1
TAAMGGAGTTA	-8.47342362829623	0	set1
AAATMGCATTA	-8.48570004834141	0	set1
TAAMGCMGTTA	-8.49895217602932	0	set1
TAATGAGGTTT	-8.52302994644035	0	set1
TAATGMGATTT	-8.5286652003065	0	set1
TAATACAGTTA	-8.53207334071036	0	set1
AAATTTMGTTA	-8.5364116860312	0	set1
TAAMGAAGTTA	-8.57173608986421	0	set1
TAATMGMGTTT	-8.57297746266483	0	set1
TAAMGCAATTA	-8.57737134373036	0	set1
AAATCACATTA	-8.58401250990939	0	set1
TAATTGTATTT	-8.58409169135287	0	set1
TAACTGGATTT	-8.58829669387811	0	set1
TAACCTMGTTA	-8.60839926262978	0	set1
AAATTTAATTA	-8.61483085373223	0	set1
TAACTTTATTA	-8.61951349131783	0	set1
AAATGGCATTA	-8.63053367782846	0	set1
TAATCTGATTT	-8.63811228690696	0	set1
TAATMGAATTT	-8.65139663036586	0	set1
TAATAGTATTA	-8.66833748009509	0	set1
TAATCAMGTTT	-8.6712899242328	0	set1
TAACAGGATTA	-8.67254248262033	0	set1
TAATCCCATTT	-8.67692517809895	0	set1
TAATTATATTT	-8.68240415292085	0	set1
TAACTAGATTT	-8.68660915544609	0	set1
TAACCTAATTA	-8.68681843033082	0	set1
TAATTTAGTTT	-8.70210826805564	0	set1
TAATGGMGTTT	-8.71781109215187	0	set1
AAATGACATTA	-8.72884613939644	0	set1
TAATCAAATTT	-8.74970909193384	0	set1
TAAMGTMGTTA	-8.75323289211683	0	set1
TAATAATATTA	-8.76664994166307	0	set1
TAACAAGATTA	-8.77085494418831	0	set1
TAATGTGATTT	-8.782945916394	0	set1
TAATATAGTTA	-8.78635405679786	0	set1
TAATGGAATTT	-8.79623025985291	0	set1
AAATMGGGTTA	-8.80628265261429	0	set1
TAATGAMGTTT	-8.81612355371985	0	set1
TAATGCCATTT	-8.821758807586	0	set1
TAAMGTAATTA	-8.83165205981786	0	set1
TAACTGCATTT	-8.88139030115761	0	set1
TAATGAAATTT	-8.89454272142088	0	set1
AAATCAGGTTA	-8.90459511418226	0	set1
AAATCMGATTA	-8.91023036804841	0	set1
TAATCTCATTT	-8.93120589418645	0	set1
AAATGGGGTTA	-8.95111628210133	0	set1
TAACAGCATTA	-8.96563608989983	0	set1
AAATTCAGTTA	-8.9742263491971	0	set1
TAACTCTGTTA	-8.9789089867827	0	set1
TAACTACATTT	-8.97970276272559	0	set1
TAATCMGGTTT	-8.99750778237183	0	set1
TAACCCAGTTA	-9.04621392579569	0	set1
AAATGAGGTTA	-9.04942874366931	0	set1
AAATGMGATTA	-9.05506399753546	0	set1
TAACAACATTA	-9.06394855146781	0	set1
TAATGTCATTT	-9.0760395236735	0	set1
AAATMGMGTTA	-9.09937625989379	0	set1
AAATTGTATTA	-9.11049048858183	0	set1
AAACTGGATTA	-9.11469549110707	0	set1
TAATGMGGTTT	-9.14234141185887	0	set1
AAATCTGATTA	-9.16451108413592	0	set1
AAATMGAATTA	-9.17779542759482	0	set1
TAACMGTATTA	-9.18247806518042	0	set1
TAAMGCAGTTA	-9.19104755528273	0	set1
AAATCAMGTTA	-9.19768872146176	0	set1
TAATTGTGTTT	-9.19776790290524	0	set1
TAACTGGGTTT	-9.20197290543048	0	set1
AAATCCCATTA	-9.20332397532791	0	set1
AAATTATATTA	-9.20880295014981	0	set1
AAACTAGATTA	-9.21300795267505	0	set1
AAATTTAGTTA	-9.2285070652846	0	set1
TAACTTTGTTA	-9.2331897028702	0	set1
AAATGGMGTTA	-9.24420988938083	0	set1
TAATCTGGTTT	-9.25178849845933	0	set1
TAATMGAGTTT	-9.26507284191823	0	set1
AAATCAAATTA	-9.2761078891628	0	set1
TAACCATATTA	-9.28079052674839	0	set1
TAATAGTGTTA	-9.28201369164747	0	set1
TAACAGGGTTA	-9.2862186941727	0	set1
TAATCCMGTTT	-9.29060138965133	0	set1
TAATTATGTTT	-9.29608036447322	0	set1
TAACTAGGTTT	-9.30028536699846	0	set1
TAACCTAGTTA	-9.30049464188319	0	set1
TAATTCTATTT	-9.30171561833937	0	set1
TAACTMGATTT	-9.30592062086461	0	set1
AAATGTGATTA	-9.30934471362296	0	set1
AAATGGAATTA	-9.32262905708187	0	set1
TAAMGGTATTA	-9.32731169466746	0	set1
AAATGAMGTTA	-9.34252235094881	0	set1
AAATGCCATTA	-9.34815760481496	0	set1
TAATCAAGTTT	-9.36338530348621	0	set1
TAATCCAATTT	-9.36902055735236	0	set1
TAATAATGTTA	-9.38032615321544	0	set1
TAACAAGGTTA	-9.38453115574068	0	set1
TAATACTATTA	-9.38596140708159	0	set1
TAACAMGATTA	-9.39016640960683	0	set1
TAATGTGGTTT	-9.39662212794637	0	set1
AAACTGCATTA	-9.40778909838657	0	set1
TAATGGAGTTT	-9.40990647140528	0	set1
AAATGAAATTA	-9.42094151864984	0	set1
TAAMGATATTA	-9.42562415623544	0	set1
TAATGCMGTTT	-9.43543501913837	0	set1
TAAMGTAGTTA	-9.44532827137023	0	set1
AAATCTCATTA	-9.45760469141542	0	set1
TAACTGMGTTT	-9.49506651270998	0	set1
AAACTACATTA	-9.50610155995455	0	set1
TAATGAAGTTT	-9.50821893297326	0	set1
TAATGCAATTT	-9.51385418683941	0	set1
AAATCMGGTTA	-9.52390657960079	0	set1
TAATCTMGTTT	-9.54488210573883	0	set1
TAATTTTATTT	-9.55599633442687	0	set1
TAACTTGATTT	-9.56020133695211	0	set1
TAACTGAATTT	-9.57348568041102	0	set1
TAACAGMGTTA	-9.5793123014522	0	set1
TAACTAMGTTT	-9.59337897427796	0	set1
TAACTCCATTT	-9.59901422814411	0	set1
AAATGTCATTA	-9.60243832090246	0	set1
TAATAGGATTT	-9.60902532572938	0	set1
TAATCTAATTT	-9.62330127343986	0	set1
TAATATTATTA	-9.6402421231691	0	set1
TAACATGATTA	-9.64444712569433	0	set1
TAACAGAATTA	-9.65773146915324	0	set1
AAATGMGGTTA	-9.66874020908783	0	set1
TAACTAAATTT	-9.671798141979	0	set1
TAACAAMGTTA	-9.67762476302018	0	set1
TAACACCATTA	-9.68326001688633	0	set1
TAATGTMGTTT	-9.68971573522587	0	set1
TAATAAGATTT	-9.70733778729736	0	set1
AAATTGTGTTA	-9.72416670013421	0	set1
AAACTGGGTTA	-9.72837170265944	0	set1
TAACAAAATTA	-9.75604393072122	0	set1
TAATGTAATTT	-9.76813490292691	0	set1
AAATCTGGTTA	-9.77818729568829	0	set1
AAATMGAGTTA	-9.79147163914719	0	set1
TAACMGTGTTA	-9.79615427673279	0	set1
AAATCCMGTTA	-9.81700018688029	0	set1
AAATTATGTTA	-9.82247916170218	0	set1
AAACTAGGTTA	-9.82668416422742	0	set1
AAATTCTATTA	-9.82811441556833	0	set1
AAACTMGATTA	-9.83231941809357	0	set1
TAACTTCATTT	-9.85329494423161	0	set1
AAATCAAGTTA	-9.88978410071517	0	set1
TAACCATGTTA	-9.89446673830077	0	set1
AAATCCAATTA	-9.89541935458132	0	set1
TAACCCTATTA	-9.90010199216692	0	set1
TAATAGCATTT	-9.90211893300888	0	set1
TAATTCTGTTT	-9.91539182989174	0	set1
TAACTMGGTTT	-9.91959683241698	0	set1
AAATGTGGTTA	-9.92302092517533	0	set1
AAATGGAGTTA	-9.93630526863424	0	set1
TAACATCATTA	-9.93754073297383	0	set1
TAAMGGTGTTA	-9.94098790621983	0	set1
AAATGCMGTTA	-9.96183381636733	0	set1
TAATCCAGTTT	-9.98269676890473	0	set1
TAATACTGTTA	-9.99963761863396	0	set1
TAATAACATTT	-10.0004313945769	0	set1
TAACAMGGTTA	-10.0038426211592	0	set1
AAACTGMGTTA	-10.0214653099389	0	set1
AAATGAAGTTA	-10.0346177302022	0	set1
TAAMGATGTTA	-10.0393003677878	0	set1
AAATGCAATTA	-10.0402529840684	0	set1
TAAMGCTATTA	-10.044935621654	0	set1
AAATTGGATTT	-10.0511783342161	0	set1
AAATCTMGTTA	-10.0712809029678	0	set1
AAATTTTATTA	-10.0823951316558	0	set1
AAACTTGATTA	-10.0866001341811	0	set1
AAACTGAATTA	-10.09988447764	0	set1
TAATMGTATTT	-10.1189609082895	0	set1
AAACTAMGTTA	-10.1197777715069	0	set1
TAACMGGATTT	-10.1231659108147	0	set1
AAACTCCATTA	-10.1254130253731	0	set1
TAATGCAGTTT	-10.1275303983918	0	set1
AAATAGGATTA	-10.1354241229583	0	set1
AAATTAGATTT	-10.1494907957841	0	set1
AAATCTAATTA	-10.1497000706688	0	set1
TAACCTTATTA	-10.1543827082544	0	set1
TAATTTTGTTT	-10.1696725459792	0	set1
TAACTTGGTTT	-10.1738775485045	0	set1
TAACTGAGTTT	-10.1871618919634	0	set1
AAACTAAATTA	-10.198196939208	0	set1
TAACTCMGTTT	-10.2126904396965	0	set1
AAATGTMGTTA	-10.2161145324548	0	set1
TAATCATATTT	-10.2172733698574	0	set1
TAACCAGATTT	-10.2214783723827	0	set1
TAATAGGGTTT	-10.2227015372818	0	set1
AAATAAGATTA	-10.2337365845263	0	set1
TAATCTAGTTT	-10.2369774849922	0	set1
TAATATTGTTA	-10.2539183347215	0	set1
TAACATGGTTA	-10.2581233372467	0	set1
TAATGGTATTT	-10.2637945377765	0	set1
TAAMGGGATTT	-10.2679995403017	0	set1
TAACAGAGTTA	-10.2714076807056	0	set1
TAACTAAGTTT	-10.2854743535314	0	set1
TAACTCAATTT	-10.2911096073975	0	set1
AAATGTAATTA	-10.2945337001559	0	set1
TAACACMGTTA	-10.2969362284387	0	set1
TAAMGTTATTA	-10.2992163377415	0	set1
TAATAAGGTTT	-10.3210139988497	0	set1
TAATAMGATTT	-10.3266492527159	0	set1
AAATTGCATTT	-10.3442719414956	0	set1
TAATGATATTT	-10.3621069993445	0	set1
TAAMGAGATTT	-10.3663120018697	0	set1
TAACAAAGTTA	-10.3697201422736	0	set1
TAACACAATTA	-10.3753553961397	0	set1
AAACTTCATTA	-10.3796937414606	0	set1
TAATGTAGTTT	-10.3818111144793	0	set1
TAACMGCATTT	-10.4162595180942	0	set1
AAATAGCATTA	-10.4285177302378	0	set1
AAATTCTGTTA	-10.4417906271207	0	set1
AAATTACATTT	-10.4425844030636	0	set1
AAACTMGGTTA	-10.4459956296459	0	set1
TAACTTMGTTT	-10.466971155784	0	set1
AAATCCAGTTA	-10.5090955661337	0	set1
TAACCCTGTTA	-10.5137782037193	0	set1
TAACCACATTT	-10.5145719796622	0	set1
TAATAGMGTTT	-10.5157951445613	0	set1
AAATAACATTA	-10.5268301918058	0	set1
TAACTTAATTT	-10.545390323485	0	set1
TAACATMGTTA	-10.5512169445262	0	set1
TAAMGGCATTT	-10.5610931475812	0	set1
TAATATGATTT	-10.5809299688034	0	set1
TAATAGAATTT	-10.5942143122623	0	set1
TAATAAMGTTT	-10.6141076061292	0	set1
TAATACCATTT	-10.6197428599954	0	set1
TAACATAATTA	-10.6296361122272	0	set1
AAATMGTATTA	-10.6453597055184	0	set1
AAACMGGATTA	-10.6495647080437	0	set1
AAATGCAGTTA	-10.6539291956207	0	set1
TAAMGCTGTTA	-10.6586118332063	0	set1
TAAMGACATTT	-10.6594056091492	0	set1
AAATTGGGTTT	-10.6648545457685	0	set1
TAATAAAATTT	-10.6925267738303	0	set1
AAATTTTGTTA	-10.6960713432082	0	set1
AAACTTGGTTA	-10.7002763457334	0	set1
AAACTGAGTTA	-10.7135606891924	0	set1
TAATMGTGTTT	-10.7326371198418	0	set1
TAACMGGGTTT	-10.7368421223671	0	set1
AAACTCMGTTA	-10.7390892369254	0	set1
AAATCATATTA	-10.7436721670864	0	set1
AAACCAGATTA	-10.7478771696116	0	set1
AAATAGGGTTA	-10.7491003345107	0	set1
AAATTAGGTTT	-10.7631670073365	0	set1
AAATCTAGTTA	-10.7633762822212	0	set1
TAACCTTGTTA	-10.7680589198068	0	set1
AAATTMGATTT	-10.7688022612026	0	set1
AAATGGTATTA	-10.7901933350055	0	set1
AAAMGGGATTA	-10.7943983375307	0	set1
AAACTAAGTTA	-10.8118731507603	0	set1
AAACTCAATTA	-10.8175084046265	0	set1
TAATCATGTTT	-10.8309495814098	0	set1
TAACCAGGTTT	-10.8351545839351	0	set1
TAATCCTATTT	-10.836584835276	0	set1
TAACCMGATTT	-10.8407898378012	0	set1
AAATAAGGTTA	-10.8474127960787	0	set1
AAATAMGATTA	-10.8530480499448	0	set1
TAATATCATTT	-10.8740235760829	0	set1
TAATGGTGTTT	-10.8774707493289	0	set1
TAAMGGGGTTT	-10.8816757518541	0	set1
AAATGATATTA	-10.8885057965734	0	set1
AAAMGAGATTA	-10.8927107990987	0	set1
TAACTCAGTTT	-10.9047858189499	0	set1
AAATGTAGTTA	-10.9082099117082	0	set1
TAAMGTTGTTA	-10.9128925492938	0	set1
TAATAMGGTTT	-10.9403254642683	0	set1
AAACMGCATTA	-10.9426583153232	0	set1
AAATTGMGTTT	-10.957948153048	0	set1
TAATGATGTTT	-10.9757832108969	0	set1
TAAMGAGGTTT	-10.9799882134221	0	set1
TAATGCTATTT	-10.981418464763	0	set1
TAAMGMGATTT	-10.9856234672882	0	set1
TAACACAGTTA	-10.9890316076921	0	set1
AAACTTMGTTA	-10.9933699530129	0	set1
AAATTTGATTT	-11.0230829772901	0	set1
TAACMGMGTTT	-11.0299357296466	0	set1
AAATTGAATTT	-11.036367320749	0	set1
AAACCACATTA	-11.0409707768911	0	set1
TAACTGTATTT	-11.0410499583346	0	set1
AAATAGMGTTA	-11.0421939417902	0	set1
AAATTAMGTTT	-11.056260614616	0	set1
AAATTCCATTT	-11.0618958684821	0	set1
AAACTTAATTA	-11.071789120714	0	set1
AAAMGGCATTA	-11.0874919448102	0	set1
TAATCTTATTT	-11.0908655513635	0	set1
TAACCTGATTT	-11.0950705538887	0	set1
AAATATGATTA	-11.1073287660323	0	set1
TAACMGAATTT	-11.1083548973476	0	set1
AAATAGAATTA	-11.1206131094912	0	set1
TAACAGTATTA	-11.1252957470768	0	set1
TAACCAMGTTT	-11.1282481912146	0	set1
TAACCCCATTT	-11.1338834450807	0	set1
AAATTAAATTT	-11.134679782317	0	set1
TAACTATATTT	-11.1393624199026	0	set1
AAATAAMGTTA	-11.1405064033582	0	set1
AAATACCATTA	-11.1461416572243	0	set1
TAACTTAGTTT	-11.1590665350374	0	set1
TAAMGGMGTTT	-11.1747693591336	0	set1
AAAMGACATTA	-11.1858044063782	0	set1
TAATATGGTTT	-11.1946061803558	0	set1
TAACCAAATTT	-11.2066673589156	0	set1
TAATAGAGTTT	-11.2078905238147	0	set1
AAATAAAATTA	-11.2189255710592	0	set1
TAACAATATTA	-11.2236082086448	0	set1
TAATACMGTTT	-11.2334190715478	0	set1
TAATGTTATTT	-11.2356991808505	0	set1
TAAMGTGATTT	-11.2399041833758	0	set1
TAACATAGTTA	-11.2433123237796	0	set1
TAAMGGAATTT	-11.2531885268347	0	set1
AAATMGTGTTA	-11.2590359170708	0	set1
AAACMGGGTTA	-11.263240919596	0	set1
TAAMGAMGTTT	-11.2730818207016	0	set1
TAAMGCCATTT	-11.2787170745677	0	set1
TAATAAAGTTT	-11.3062029853826	0	set1
TAATACAATTT	-11.3118382392488	0	set1
AAATTTCATTT	-11.3161765845696	0	set1
TAAMGAAATTT	-11.3515009884026	0	set1
AAATCATGTTA	-11.3573483786388	0	set1
AAACCAGGTTA	-11.361553381164	0	set1
AAATCCTATTA	-11.3629836325049	0	set1
AAACCMGATTA	-11.3671886350302	0	set1
AAATTMGGTTT	-11.382478472755	0	set1
TAACCTCATTT	-11.3881641611682	0	set1
AAATATCATTA	-11.4004223733118	0	set1
AAATGGTGTTA	-11.4038695465578	0	set1
AAAMGGGGTTA	-11.4080745490831	0	set1
AAACTCAGTTA	-11.4311846161789	0	set1
TAATCCTGTTT	-11.4502610468283	0	set1
TAACCMGGTTT	-11.4544660493536	0	set1
AAATAMGGTTA	-11.4667242614972	0	set1
TAATATMGTTT	-11.4876997876353	0	set1
AAATGATGTTA	-11.5021820081258	0	set1
AAAMGAGGTTA	-11.5063870106511	0	set1
AAATGCTATTA	-11.507817261992	0	set1
AAAMGMGATTA	-11.5120222645172	0	set1
TAAMGTCATTT	-11.5329977906553	0	set1
AAACMGMGTTA	-11.5563345268755	0	set1
TAATATAATTT	-11.5661189553363	0	set1
AAACTGTATTA	-11.5674487555636	0	set1
AAATMGGATTT	-11.5860475511527	0	set1
TAATGCTGTTT	-11.5950946763154	0	set1
TAAMGMGGTTT	-11.5992996788406	0	set1
AAATCTTATTA	-11.6172643485924	0	set1
AAACCTGATTA	-11.6214693511177	0	set1
AAACMGAATTA	-11.6347536945766	0	set1
AAATTTGGTTT	-11.6367591888425	0	set1
AAATTGAGTTT	-11.6500435323014	0	set1
AAACCAMGTTA	-11.6546469884435	0	set1
TAACTGTGTTT	-11.654726169887	0	set1
AAACCCCATTA	-11.6602822423097	0	set1
AAACTATATTA	-11.6657612171316	0	set1
AAATTCMGTTT	-11.6755720800345	0	set1
AAATCAGATTT	-11.6843600127207	0	set1
AAACTTAGTTA	-11.6854653322664	0	set1
AAAMGGMGTTA	-11.7011681563626	0	set1
TAATCTTGTTT	-11.7045417629158	0	set1
TAACCTGGTTT	-11.7087467654411	0	set1
AAATATGGTTA	-11.7210049775847	0	set1
TAACMGAGTTT	-11.7220311089	0	set1
AAATGGGATTT	-11.7308811806398	0	set1
AAACCAAATTA	-11.7330661561445	0	set1
AAATAGAGTTA	-11.7342893210436	0	set1
TAACAGTGTTA	-11.7389719586292	0	set1
TAACCCMGTTT	-11.7475596566331	0	set1
AAATTAAGTTT	-11.7483559938694	0	set1
TAACTATGTTT	-11.753038631455	0	set1
AAATTCAATTT	-11.7539912477355	0	set1
TAACTCTATTT	-11.7586738853211	0	set1
AAATACMGTTA	-11.7598178687767	0	set1
AAATGTTATTA	-11.7620979780795	0	set1
AAAMGTGATTA	-11.7663029806047	0	set1
AAAMGGAATTA	-11.7795873240636	0	set1
AAAMGAMGTTA	-11.7994806179306	0	set1
AAAMGCCATTA	-11.8051158717967	0	set1
TAACCAAGTTT	-11.820343570468	0	set1
TAACCCAATTT	-11.8259788243341	0	set1
AAATGAGATTT	-11.8291936422077	0	set1
AAATAAAGTTA	-11.8326017826116	0	set1
TAACAATGTTA	-11.8372844201972	0	set1
AAATACAATTA	-11.8382370364777	0	set1
TAACACTATTA	-11.8429196740633	0	set1
TAATGTTGTTT	-11.8493753924029	0	set1
TAAMGTGGTTT	-11.8535803949281	0	set1
TAAMGGAGTTT	-11.866864738387	0	set1
AAAMGAAATTA	-11.8778997856316	0	set1
AAATMGCATTT	-11.8791411584322	0	set1
TAAMGCMGTTT	-11.8923932861201	0	set1
AAACCTCATTA	-11.9145629583972	0	set1
TAATACAGTTT	-11.9255144508012	0	set1
AAATTTMGTTT	-11.929852796122	0	set1
TAAMGAAGTTT	-11.965177199955	0	set1
TAAMGCAATTT	-11.9708124538212	0	set1
AAATCCTGTTA	-11.9766598440573	0	set1
AAATCACATTT	-11.9774536200002	0	set1
AAACCMGGTTA	-11.9808648465825	0	set1
TAACCTMGTTT	-12.0018403727206	0	set1
AAATTTAATTT	-12.008271963823	0	set1
TAACTTTATTT	-12.0129546014086	0	set1
AAATATMGTTA	-12.0140985848642	0	set1
AAATGGCATTT	-12.0239747879193	0	set1
AAAMGTCATTA	-12.0593965878842	0	set1
TAATAGTATTT	-12.0617785901859	0	set1
TAACAGGATTT	-12.0659835927111	0	set1
TAACCTAATTT	-12.0802595404216	0	set1
AAATATAATTA	-12.0925177525652	0	set1
TAACATTATTA	-12.0972003901508	0	set1
AAATGCTGTTA	-12.1214934735443	0	set1
AAATGACATTT	-12.1222872494872	0	set1
AAAMGMGGTTA	-12.1256984760696	0	set1
TAAMGTMGTTT	-12.1466740022076	0	set1
TAATAATATTT	-12.1600910517539	0	set1
TAACAAGATTT	-12.1642960542791	0	set1
TAATATAGTTT	-12.1797951668887	0	set1
AAACTGTGTTA	-12.181124967116	0	set1
AAATMGGGTTT	-12.1997237627051	0	set1
TAAMGTAATTT	-12.2250931699087	0	set1
AAATCTTGTTA	-12.2309405601448	0	set1
AAACCTGGTTA	-12.23514556267	0	set1
AAACMGAGTTA	-12.2484299061289	0	set1
AAACCCMGTTA	-12.273958453862	0	set1
AAACTATGTTA	-12.2794374286839	0	set1
AAACTCTATTA	-12.2850726825501	0	set1
AAATCAGGTTT	-12.2980362242731	0	set1
AAATCMGATTT	-12.3036714781392	0	set1
AAATGGGGTTT	-12.3445573921921	0	set1
AAACCAAGTTA	-12.3467423676969	0	set1
AAACCCAATTA	-12.3523776215631	0	set1
TAACAGCATTT	-12.3590771999906	0	set1
AAATTCAGTTT	-12.3676674592879	0	set1
TAACTCTGTTT	-12.3723500968735	0	set1
AAATGTTGTTA	-12.3757741896318	0	set1
AAAMGTGGTTA	-12.3799791921571	0	set1
AAAMGGAGTTA	-12.393263535616	0	set1
AAAMGCMGTTA	-12.4187920833491	0	set1
TAACCCAGTTT	-12.4396550358865	0	set1
AAATGAGGTTT	-12.4428698537601	0	set1
AAATGMGATTT	-12.4485051076263	0	set1
AAATACAGTTA	-12.4519132480301	0	set1
TAACACTGTTA	-12.4565958856157	0	set1
TAACAACATTT	-12.4573896615586	0	set1
AAAMGAAGTTA	-12.491575997184	0	set1
AAATMGMGTTT	-12.4928173699846	0	set1
AAAMGCAATTA	-12.4972112510501	0	set1
AAATTGTATTT	-12.5039315986726	0	set1
AAACTGGATTT	-12.5081366011979	0	set1
AAACCTMGTTA	-12.5282391699495	0	set1
AAACTTTATTA	-12.5393533986376	0	set1
AAATCTGATTT	-12.5579521942267	0	set1
AAATMGAATTT	-12.5712365376856	0	set1
TAACMGTATTT	-12.5759191752712	0	set1
TAAMGCAGTTT	-12.5844886653735	0	set1
AAATAGTATTA	-12.5881773874149	0	set1
AAATCAMGTTT	-12.5911298315526	0	set1
AAACAGGATTA	-12.5923823899401	0	set1
AAATCCCATTT	-12.5967650854187	0	set1
AAATTATATTT	-12.6022440602406	0	set1
AAACTAGATTT	-12.6064490627658	0	set1
AAACCTAATTA	-12.6066583376506	0	set1
AAATTTAGTTT	-12.6219481753754	0	set1
TAACTTTGTTT	-12.626630812961	0	set1
AAATGGMGTTT	-12.6376509994716	0	set1
AAATCAAATTT	-12.6695489992536	0	set1
AAAMGTMGTTA	-12.6730727994366	0	set1
TAACCATATTT	-12.6742316368392	0	set1
TAATAGTGTTT	-12.6754548017383	0	set1
TAACAGGGTTT	-12.6796598042635	0	set1
AAATAATATTA	-12.6864898489828	0	set1
AAACAAGATTA	-12.6906948515081	0	set1
TAACCTAGTTT	-12.693935751974	0	set1
AAATGTGATTT	-12.7027858237138	0	set1
AAATATAGTTA	-12.7061939641176	0	set1
TAACATTGTTA	-12.7108766017032	0	set1
AAATGGAATTT	-12.7160701671727	0	set1
TAAMGGTATTT	-12.7207528047583	0	set1
AAATGAMGTTT	-12.7359634610396	0	set1
AAATGCCATTT	-12.7415987149058	0	set1
AAAMGTAATTA	-12.7514919671376	0	set1
TAATAATGTTT	-12.7737672633062	0	set1
TAACAAGGTTT	-12.7779722658315	0	set1
TAATACTATTT	-12.7794025171724	0	set1
TAACAMGATTT	-12.7836075196976	0	set1
AAACTGCATTT	-12.8012302084774	0	set1
AAATGAAATTT	-12.8143826287406	0	set1
TAAMGATATTT	-12.8190652663262	0	set1
TAAMGTAGTTT	-12.838769381461	0	set1
AAATCTCATTT	-12.8510458015062	0	set1
AAACAGCATTA	-12.8854759972196	0	set1
AAACTCTGTTA	-12.8987488941025	0	set1
AAACTACATTT	-12.8995426700453	0	set1
AAATCMGGTTT	-12.9173476896916	0	set1
AAACCCAGTTA	-12.9660538331154	0	set1
TAACAGMGTTT	-12.972753411543	0	set1
AAACAACATTA	-12.9837884587876	0	set1
AAATGTCATTT	-12.9958794309933	0	set1
TAATATTATTT	-13.0336832332599	0	set1
TAACATGATTT	-13.0378882357851	0	set1
TAACAGAATTT	-13.051172579244	0	set1
AAATGMGGTTT	-13.0621813191786	0	set1
TAACAAMGTTT	-13.071065873111	0	set1
TAACACCATTT	-13.0767011269771	0	set1
AAACMGTATTA	-13.1023179725002	0	set1
AAAMGCAGTTA	-13.1108874626025	0	set1
AAATTGTGTTT	-13.117607810225	0	set1
AAACTGGGTTT	-13.1218128127502	0	set1
TAACAAAATTT	-13.149485040812	0	set1
AAACTTTGTTA	-13.15302961019	0	set1
AAATCTGGTTT	-13.1716284057791	0	set1
AAATMGAGTTT	-13.184912749238	0	set1
TAACMGTGTTT	-13.1895953868236	0	set1
AAACCATATTA	-13.2006304340682	0	set1
AAATAGTGTTA	-13.2018535989672	0	set1
AAACAGGGTTA	-13.2060586014925	0	set1
AAATCCMGTTT	-13.2104412969711	0	set1
AAATTATGTTT	-13.215920271793	0	set1
AAACTAGGTTT	-13.2201252743182	0	set1
AAACCTAGTTA	-13.2203345492029	0	set1
AAATTCTATTT	-13.2215555256591	0	set1
AAACTMGATTT	-13.2257605281844	0	set1
AAAMGGTATTA	-13.2471516019872	0	set1
AAATCAAGTTT	-13.283225210806	0	set1
TAACCATGTTT	-13.2879078483916	0	set1
AAATCCAATTT	-13.2888604646721	0	set1
TAACCCTATTT	-13.2935431022577	0	set1
AAATAATGTTA	-13.3001660605352	0	set1
AAACAAGGTTA	-13.3043710630604	0	set1
AAATACTATTA	-13.3058013144014	0	set1
AAACAMGATTA	-13.3100063169266	0	set1
AAATGTGGTTT	-13.3164620352661	0	set1
AAATGGAGTTT	-13.329746378725	0	set1
TAACATCATTT	-13.3309818430646	0	set1
TAAMGGTGTTT	-13.3344290163106	0	set1
AAAMGATATTA	-13.3454640635552	0	set1
AAATGCMGTTT	-13.3552749264581	0	set1
AAAMGTAGTTA	-13.36516817869	0	set1
TAATACTGTTT	-13.3930787287248	0	set1
TAACAMGGTTT	-13.39728373125	0	set1
AAACTGMGTTT	-13.4149064200297	0	set1
AAATGAAGTTT	-13.428058840293	0	set1
TAAMGATGTTT	-13.4327414778786	0	set1
AAATGCAATTT	-13.4336940941592	0	set1
TAAMGCTATTT	-13.4383767317448	0	set1
AAATCTMGTTT	-13.4647220130586	0	set1
AAATTTTATTT	-13.4758362417466	0	set1
AAACTTGATTT	-13.4800412442719	0	set1
AAACTGAATTT	-13.4933255877308	0	set1
AAACAGMGTTA	-13.499152208772	0	set1
AAACTAMGTTT	-13.5132188815977	0	set1
AAACTCCATTT	-13.5188541354639	0	set1
AAATAGGATTT	-13.5288652330491	0	set1
AAATCTAATTT	-13.5431411807596	0	set1
TAACCTTATTT	-13.5478238183452	0	set1
AAATATTATTA	-13.5600820304889	0	set1
AAACATGATTA	-13.5642870330141	0	set1
AAACAGAATTA	-13.577571376473	0	set1
AAACTAAATTT	-13.5916380492988	0	set1
AAACAAMGTTA	-13.5974646703399	0	set1
AAACACCATTA	-13.6030999242061	0	set1
AAATGTMGTTT	-13.6095556425456	0	set1
AAATAAGATTT	-13.6271776946171	0	set1
TAATATTGTTT	-13.6473594448123	0	set1
TAACATGGTTT	-13.6515644473375	0	set1
TAACAGAGTTT	-13.6648487907964	0	set1
AAACAAAATTA	-13.675883838041	0	set1
AAATGTAATTT	-13.6879748102467	0	set1
TAACACMGTTT	-13.6903773385295	0	set1
TAAMGTTATTT	-13.6926574478323	0	set1
AAACMGTGTTA	-13.7159941840525	0	set1
TAACAAAGTTT	-13.7631612523644	0	set1
TAACACAATTT	-13.7687965062305	0	set1
AAACTTCATTT	-13.7731348515514	0	set1
AAACCATGTTA	-13.8143066456205	0	set1
AAACCCTATTA	-13.8199418994867	0	set1
AAATAGCATTT	-13.8219588403286	0	set1
AAATTCTGTTT	-13.8352317372115	0	set1
AAACTMGGTTT	-13.8394367397367	0	set1
AAACATCATTA	-13.8573806402936	0	set1
AAAMGGTGTTA	-13.8608278135396	0	set1
AAATCCAGTTT	-13.9025366762245	0	set1
TAACCCTGTTT	-13.9072193138101	0	set1
AAATACTGTTA	-13.9194775259537	0	set1
AAATAACATTT	-13.9202713018966	0	set1
AAACAMGGTTA	-13.923682528479	0	set1
TAACATMGTTT	-13.944658054617	0	set1
AAAMGATGTTA	-13.9591402751076	0	set1
AAAMGCTATTA	-13.9647755289737	0	set1
TAACATAATTT	-14.023077222318	0	set1
AAATMGTATTT	-14.0388008156092	0	set1
AAACMGGATTT	-14.0430058181345	0	set1
AAATGCAGTTT	-14.0473703057115	0	set1
TAAMGCTGTTT	-14.0520529432971	0	set1
AAACCTTATTA	-14.0742226155742	0	set1
AAATTTTGTTT	-14.089512453299	0	set1
AAACTTGGTTT	-14.0937174558242	0	set1
AAACTGAGTTT	-14.1070017992831	0	set1
AAACTCMGTTT	-14.1325303470162	0	set1
AAATCATATTT	-14.1371132771772	0	set1
AAACCAGATTT	-14.1413182797024	0	set1
AAATAGGGTTT	-14.1425414446015	0	set1
AAATCTAGTTT	-14.156817392312	0	set1
TAACCTTGTTT	-14.1615000298976	0	set1
AAATATTGTTA	-14.1737582420412	0	set1
AAACATGGTTA	-14.1779632445665	0	set1
AAATGGTATTT	-14.1836344450963	0	set1
AAAMGGGATTT	-14.1878394476215	0	set1
AAACAGAGTTA	-14.1912475880254	0	set1
AAACTAAGTTT	-14.2053142608511	0	set1
AAACTCAATTT	-14.2109495147173	0	set1
AAACACMGTTA	-14.2167761357585	0	set1
AAAMGTTATTA	-14.2190562450612	0	set1
AAATAAGGTTT	-14.2408539061695	0	set1
AAATAMGATTT	-14.2464891600356	0	set1
AAATGATATTT	-14.2819469066642	0	set1
AAAMGAGATTT	-14.2861519091895	0	set1
AAACAAAGTTA	-14.2895600495933	0	set1
AAACACAATTA	-14.2951953034595	0	set1
AAATGTAGTTT	-14.301651021799	0	set1
TAAMGTTGTTT	-14.3063336593846	0	set1
AAACMGCATTT	-14.336099425414	0	set1
TAACACAGTTT	-14.3824727177829	0	set1
AAACTTMGTTT	-14.3868110631037	0	set1
AAACCCTGTTA	-14.433618111039	0	set1
AAACCACATTT	-14.4344118869819	0	set1
AAATAGMGTTT	-14.435635051881	0	set1
AAACTTAATTT	-14.4652302308048	0	set1
AAACATMGTTA	-14.471056851846	0	set1
AAAMGGCATTT	-14.480933054901	0	set1
AAATATGATTT	-14.5007698761231	0	set1
AAATAGAATTT	-14.514054219582	0	set1
TAACAGTATTT	-14.5187368571676	0	set1
AAATAAMGTTT	-14.533947513449	0	set1
AAATACCATTT	-14.5395827673151	0	set1
AAACATAATTA	-14.549476019547	0	set1
AAAMGCTGTTA	-14.5784517405261	0	set1
AAAMGACATTT	-14.579245516469	0	set1
AAATAAAATTT	-14.61236668115	0	set1
TAACAATATTT	-14.6170493187356	0	set1
TAACATAGTTT	-14.6367534338704	0	set1
AAATMGTGTTT	-14.6524770271616	0	set1
AAACMGGGTTT	-14.6566820296868	0	set1
AAACCTTGTTA	-14.6878988271265	0	set1
AAATCATGTTT	-14.7507894887296	0	set1
AAACCAGGTTT	-14.7549944912548	0	set1
AAATCCTATTT	-14.7564247425957	0	set1
AAACCMGATTT	-14.760629745121	0	set1
AAATATCATTT	-14.7938634834026	0	set1
AAATGGTGTTT	-14.7973106566486	0	set1
AAAMGGGGTTT	-14.8015156591739	0	set1
AAACTCAGTTT	-14.8246257262696	0	set1
AAAMGTTGTTA	-14.8327324566136	0	set1
AAATAMGGTTT	-14.860165371588	0	set1
AAATGATGTTT	-14.8956231182166	0	set1
AAAMGAGGTTT	-14.8998281207419	0	set1
AAATGCTATTT	-14.9012583720828	0	set1
AAAMGMGATTT	-14.905463374608	0	set1
AAACACAGTTA	-14.9088715150119	0	set1
AAACMGMGTTT	-14.9497756369663	0	set1
AAACTGTATTT	-14.9608898656544	0	set1
AAATCTTATTT	-15.0107054586832	0	set1
AAACCTGATTT	-15.0149104612085	0	set1
AAACMGAATTT	-15.0281948046674	0	set1
AAACAGTATTA	-15.0451356543966	0	set1
AAACCAMGTTT	-15.0480880985343	0	set1
AAACCCCATTT	-15.0537233524005	0	set1
AAACTATATTT	-15.0592023272224	0	set1
AAACTTAGTTT	-15.0789064423571	0	set1
AAAMGGMGTTT	-15.0946092664534	0	set1
AAATATGGTTT	-15.1144460876755	0	set1
AAACCAAATTT	-15.1265072662353	0	set1
AAATAGAGTTT	-15.1277304311344	0	set1
TAACAGTGTTT	-15.13241306872	0	set1
AAACAATATTA	-15.1434481159646	0	set1
AAATACMGTTT	-15.1532589788675	0	set1
AAATGTTATTT	-15.1555390881703	0	set1
AAAMGTGATTT	-15.1597440906955	0	set1
AAACATAGTTA	-15.1631522310994	0	set1
AAAMGGAATTT	-15.1730284341544	0	set1
AAAMGAMGTTT	-15.1929217280214	0	set1
AAAMGCCATTT	-15.1985569818875	0	set1
AAATAAAGTTT	-15.2260428927024	0	set1
TAACAATGTTT	-15.230725530288	0	set1
AAATACAATTT	-15.2316781465685	0	set1
TAACACTATTT	-15.2363607841541	0	set1
AAAMGAAATTT	-15.2713408957224	0	set1
AAACCTCATTT	-15.308004068488	0	set1
AAATCCTGTTT	-15.3701009541481	0	set1
AAACCMGGTTT	-15.3743059566733	0	set1
AAATATMGTTT	-15.407539694955	0	set1
AAAMGTCATTT	-15.452837697975	0	set1
AAATATAATTT	-15.485958862656	0	set1
TAACATTATTT	-15.4906415002416	0	set1
AAATGCTGTTT	-15.5149345836351	0	set1
AAAMGMGGTTT	-15.5191395861604	0	set1
AAACTGTGTTT	-15.5745660772068	0	set1
AAATCTTGTTT	-15.6243816702356	0	set1
AAACCTGGTTT	-15.6285866727608	0	set1
AAACMGAGTTT	-15.6418710162197	0	set1
AAACAGTGTTA	-15.658811865949	0	set1
AAACCCMGTTT	-15.6673995639528	0	set1
AAACTATGTTT	-15.6728785387747	0	set1
AAACTCTATTT	-15.6785137926409	0	set1
AAACCAAGTTT	-15.7401834777877	0	set1
AAACCCAATTT	-15.7458187316539	0	set1
AAACAATGTTA	-15.7571243275169	0	set1
AAACACTATTA	-15.7627595813831	0	set1
AAATGTTGTTT	-15.7692152997226	0	set1
AAAMGTGGTTT	-15.7734203022479	0	set1
AAAMGGAGTTT	-15.7867046457068	0	set1
AAAMGCMGTTT	-15.8122331934399	0	set1
AAATACAGTTT	-15.8453543581209	0	set1
TAACACTGTTT	-15.8500369957065	0	set1
AAAMGAAGTTT	-15.8850171072748	0	set1
AAAMGCAATTT	-15.8906523611409	0	set1
AAACCTMGTTT	-15.9216802800403	0	set1
AAACTTTATTT	-15.9327945087284	0	set1
AAATAGTATTT	-15.9816184975056	0	set1
AAACAGGATTT	-15.9858235000309	0	set1
AAACCTAATTT	-16.0000994477414	0	set1
AAACATTATTA	-16.0170402974706	0	set1
AAAMGTMGTTT	-16.0665139095274	0	set1
AAATAATATTT	-16.0799309590736	0	set1
AAACAAGATTT	-16.0841359615989	0	set1
AAATATAGTTT	-16.0996350742084	0	set1
TAACATTGTTT	-16.104317711794	0	set1
AAAMGTAATTT	-16.1449330772284	0	set1
AAACAGCATTT	-16.2789171073104	0	set1
AAACTCTGTTT	-16.2921900041933	0	set1
AAACCCAGTTT	-16.3594949432062	0	set1
AAACACTGTTA	-16.3764357929355	0	set1
AAACAACATTT	-16.3772295688784	0	set1
AAACMGTATTT	-16.495759082591	0	set1
AAAMGCAGTTT	-16.5043285726933	0	set1
AAACTTTGTTT	-16.5464707202808	0	set1
AAACCATATTT	-16.5940715441589	0	set1
AAATAGTGTTT	-16.595294709058	0	set1
AAACAGGGTTT	-16.5994997115833	0	set1
AAACCTAGTTT	-16.6137756592937	0	set1
AAACATTGTTA	-16.630716509023	0	set1
AAAMGGTATTT	-16.640592712078	0	set1
AAATAATGTTT	-16.693607170626	0	set1
AAACAAGGTTT	-16.6978121731512	0	set1
AAATACTATTT	-16.6992424244921	0	set1
AAACAMGATTT	-16.7034474270174	0	set1
AAAMGATATTT	-16.738905173646	0	set1
AAAMGTAGTTT	-16.7586092887808	0	set1
AAACAGMGTTT	-16.8925933188628	0	set1
AAATATTATTT	-16.9535231405796	0	set1
AAACATGATTT	-16.9577281431049	0	set1
AAACAGAATTT	-16.9710124865638	0	set1
AAACAAMGTTT	-16.9909057804307	0	set1
AAACACCATTT	-16.9965410342969	0	set1
AAACAAAATTT	-17.0693249481318	0	set1
AAACMGTGTTT	-17.1094352941433	0	set1
AAACCATGTTT	-17.2077477557113	0	set1
AAACCCTATTT	-17.2133830095775	0	set1
AAACATCATTT	-17.2508217503844	0	set1
AAAMGGTGTTT	-17.2542689236304	0	set1
AAATACTGTTT	-17.3129186360445	0	set1
AAACAMGGTTT	-17.3171236385698	0	set1
AAAMGATGTTT	-17.3525813851984	0	set1
AAAMGCTATTT	-17.3582166390645	0	set1
AAACCTTATTT	-17.467663725665	0	set1
AAATATTGTTT	-17.567199352132	0	set1
AAACATGGTTT	-17.5714043546573	0	set1
AAACAGAGTTT	-17.5846886981162	0	set1
AAACACMGTTT	-17.6102172458493	0	set1
AAAMGTTATTT	-17.612497355152	0	set1
AAACAAAGTTT	-17.6830011596841	0	set1
AAACACAATTT	-17.6886364135503	0	set1
AAACCCTGTTT	-17.8270592211298	0	set1
AAACATMGTTT	-17.8644979619368	0	set1
AAACATAATTT	-17.9429171296378	0	set1
AAAMGCTGTTT	-17.9718928506169	0	set1
AAACCTTGTTT	-18.0813399372173	0	set1
AAAMGTTGTTT	-18.2261735667044	0	set1
AAACACAGTTT	-18.3023126251027	0	set1
AAACAGTATTT	-18.4385767644874	0	set1
AAACAATATTT	-18.5368892260554	0	set1
AAACATAGTTT	-18.5565933411902	0	set1
AAACAGTGTTT	-19.0522529760398	0	set1
AAACAATGTTT	-19.1505654376077	0	set1
AAACACTATTT	-19.1562006914739	0	set1
AAACATTATTT	-19.4104814075614	0	set1
AAACACTGTTT	-19.7698769030263	0	set1
AAACATTGTTT	-20.0241576191138	0	set1
AAAAAAAAAAA	-322.361913019166	0	set1
AAAAAAAAAAC	-322.361913019166	0	set1
AAAAAAAAAAG	-322.361913019166	0	set1
AAAAAAAAAAT	-322.361913019166	0	set1
AAAAAAAAACA	-322.361913019166	0	set1
AAAAAAAAACC	-322.361913019166	0	set1
AAAAAAAAAMG	-322.361913019166	0	set1
AAAAAAAAACT	-322.361913019166	0	set1
AAAAAAAAAGA	-322.361913019166	0	set1
AAAAAAAAAGC	-322.361913019166	0	set1
AAAAAAAAAGG	-322.361913019166	0	set1
AAAAAAAAAGT	-322.361913019166	0	set1
AAAAAAAAATA	-322.361913019166	0	set1
AAAAAAAAATC	-322.361913019166	0	set1
AAAAAAAAATG	-322.361913019166	0	set1
AAAAAAAAATT	-322.361913019166	0	set1
AAAAAAAACAA	-322.361913019166	0	set1
AAAAAAAACAC	-322.361913019166	0	set1
AAAAAAAACAG	-322.361913019166	0	set1
AAAAAAAACAT	-322.361913019166	0	set1
AAAAAAAACCA	-322.361913019166	0	set1
AAAAAAAACCC	-322.361913019166	0	set1
AAAAAAAACMG	-322.361913019166	0	set1
AAAAAAAACCT	-322.361913019166	0	set1
AAAAAAAAMGA	-322.361913019166	0	set1
AAAAAAAAMGC	-322.361913019166	0	set1
AAAAAAAAMGG	-322.361913019166	0	set1
AAAAAAAAMGT	-322.361913019166	0	set1
AAAAAAAACTA	-322.361913019166	0	set1
AAAAAAAACTC	-322.361913019166	0	set1
AAAAAAAACTG	-322.361913019166	0	set1
AAAAAAAACTT	-322.361913019166	0	set1
AAAAAAAAGAA	-322.361913019166	0	set1
AAAAAAAAGAC	-322.361913019166	0	set1
AAAAAAAAGAG	-322.361913019166	0	set1
AAAAAAAAGAT	-322.361913019166	0	set1
AAAAAAAAGCA	-322.361913019166	0	set1
AAAAAAAAGCC	-322.361913019166	0	set1
AAAAAAAAGMG	-322.361913019166	0	set1
AAAAAAAAGCT	-322.361913019166	0	set1
AAAAAAAAGGA	-322.361913019166	0	set1
AAAAAAAAGGC	-322.361913019166	0	set1
AAAAAAAAGGG	-322.361913019166	0	set1
AAAAAAAAGGT	-322.361913019166	0	set1
AAAAAAAAGTA	-322.361913019166	0	set1
AAAAAAAAGTC	-322.361913019166	0	set1
AAAAAAAAGTG	-322.361913019166	0	set1
AAAAAAAAGTT	-322.361913019166	0	set1
AAAAAAAATAA	-322.361913019166	0	set1
AAAAAAAATAC	-322.361913019166	0	set1
AAAAAAAATAG	-322.361913019166	0	set1
AAAAAAAATAT	-322.361913019166	0	set1
AAAAAAAATCA	-322.361913019166	0	set1
AAAAAAAATCC	-322.361913019166	0	set1
AAAAAAAATMG	-322.361913019166	0	set1
AAAAAAAATCT	-322.361913019166	0	set1
AAAAAAAATGA	-322.361913019166	0	set1
AAAAAAAATGC	-322.361913019166	0	set1
AAAAAAAATGG	-322.361913019166	0	set1
AAAAAAAATGT	-322.361913019166	0	set1
AAAAAAAATTA	-322.361913019166	0	set1
AAAAAAAATTC	-322.361913019166	0	set1
AAAAAAAATTG	-322.361913019166	0	set1
AAAAAAAATTT	-322.361913019166	0	set1
AAAAAAACAAA	-322.361913019166	0	set1
AAAAAAACAAC	-322.361913019166	0	set1
AAAAAAACAAG	-322.361913019166	0	set1
AAAAAAACAAT	-322.361913019166	0	set1
AAAAAAACACA	-322.361913019166	0	set1
AAAAAAACACC	-322.361913019166	0	set1
AAAAAAACAMG	-322.361913019166	0	set1
AAAAAAACACT	-322.361913019166	0	set1
AAAAAAACAGA	-322.361913019166	0	set1
AAAAAAACAGC	-322.361913019166	0	set1
AAAAAAACAGG	-322.361913019166	0	set1
AAAAAAACAGT	-322.361913019166	0	set1
AAAAAAACATA	-322.361913019166	0	set1
AAAAAAACATC	-322.361913019166	0	set1
AAAAAAACATG	-322.361913019166	0	set1
AAAAAAACATT	-322.361913019166	0	set1
AAAAAAACCAA	-322.361913019166	0	set1
AAAAAAACCAC	-322.361913019166	0	set1
AAAAAAACCAG	-322.361913019166	0	set1
AAAAAAACCAT	-322.361913019166	0	set1
AAAAAAACCCA	-322.361913019166	0	set1
AAAAAAACCCC	-322.361913019166	0	set1
AAAAAAACCMG	-322.361913019166	0	set1
AAAAAAACCCT	-322.361913019166	0	set1
AAAAAAACMGA	-322.361913019166	0	set1
AAAAAAACMGC	-322.361913019166	0	set1
AAAAAAACMGG	-322.361913019166	0	set1
AAAAAAACMGT	-322.361913019166	0	set1
AAAAAAACCTA	-322.361913019166	0	set1
AAAAAAACCTC	-322.361913019166	0	set1
AAAAAAACCTG	-322.361913019166	0	set1
AAAAAAACCTT	-322.361913019166	0	set1
AAAAAAAMGAA	-322.361913019166	0	set1
AAAAAAAMGAC	-322.361913019166	0	set1
AAAAAAAMGAG	-322.361913019166	0	set1
AAAAAAAMGAT	-322.361913019166	0	set1
AAAAAAAMGCA	-322.361913019166	0	set1
AAAAAAAMGCC	-322.361913019166	0	set1
AAAAAAAMGMG	-322.361913019166	0	set1
AAAAAAAMGCT	-322.361913019166	0	set1
AAAAAAAMGGA	-322.361913019166	0	set1
AAAAAAAMGGC	-322.361913019166	0	set1
AAAAAAAMGGG	-322.361913019166	0	set1
AAAAAAAMGGT	-322.361913019166	0	set1
AAAAAAAMGTA	-322.361913019166	0	set1
AAAAAAAMGTC	-322.361913019166	0	set1
AAAAAAAMGTG	-322.361913019166	0	set1
AAAAAAAMGTT	-322.361913019166	0	set1
AAAAAAACTAA	-322.361913019166	0	set1
AAAAAAACTAC	-322.361913019166	0	set1
AAAAAAACTAG	-322.361913019166	0	set1
AAAAAAACTAT	-322.361913019166	0	set1
AAAAAAACTCA	-322.361913019166	0	set1
AAAAAAACTCC	-322.361913019166	0	set1
AAAAAAACTMG	-322.361913019166	0	set1
AAAAAAACTCT	-322.361913019166	0	set1
AAAAAAACTGA	-322.361913019166	0	set1
AAAAAAACTGC	-322.361913019166	0	set1
AAAAAAACTGG	-322.361913019166	0	set1
AAAAAAACTGT	-322.361913019166	0	set1
AAAAAAACTTA	-322.361913019166	0	set1
AAAAAAACTTC	-322.361913019166	0	set1
AAAAAAACTTG	-322.361913019166	0	set1
AAAAAAACTTT	-322.361913019166	0	set1
AAAAAAAGAAA	-322.361913019166	0	set1
AAAAAAAGAAC	-322.361913019166	0	set1
AAAAAAAGAAG	-322.361913019166	0	set1
AAAAAAAGAAT	-322.361913019166	0	set1
AAAAAAAGACA	-322.361913019166	0	set1
AAAAAAAGACC	-322.361913019166	0	set1
AAAAAAAGAMG	-322.361913019166	0	set1
AAAAAAAGACT	-322.361913019166	0	set1
AAAAAAAGAGA	-322.361913019166	0	set1
AAAAAAAGAGC	-322.361913019166	0	set1
AAAAAAAGAGG	-322.361913019166	0	set1
AAAAAAAGAGT	-322.361913019166	0	set1
AAAAAAAGATA	-322.361913019166	0	set1
AAAAAAAGATC	-322.361913019166	0	set1
AAAAAAAGATG	-322.361913019166	0	set1
AAAAAAAGATT	-322.361913019166	0	set1
AAAAAAAGCAA	-322.361913019166	0	set1
AAAAAAAGCAC	-322.361913019166	0	set1
AAAAAAAGCAG	-322.361913019166	0	set1
AAAAAAAGCAT	-322.361913019166	0	set1
AAAAAAAGCCA	-322.361913019166	0	set1
AAAAAAAGCCC	-322.361913019166	0	set1
AAAAAAAGCMG	-322.361913019166	0	set1
AAAAAAAGCCT	-322.361913019166	0	set1
AAAAAAAGMGA	-322.361913019166	0	set1
AAAAAAAGMGC	-322.361913019166	0	set1
AAAAAAAGMGG	-322.361913019166	0	set1
AAAAAAAGMGT	-322.361913019166	0	set1
AAAAAAAGCTA	-322.361913019166	0	set1
AAAAAAAGCTC	-322.361913019166	0	set1
AAAAAAAGCTG	-322.361913019166	0	set1
AAAAAAAGCTT	-322.361913019166	0	set1
AAAAAAAGGAA	-322.361913019166	0	set1
AAAAAAAGGAC	-322.361913019166	0	set1
AAAAAAAGGAG	-322.361913019166	0	set1
AAAAAAAGGAT	-322.361913019166	0	set1
AAAAAAAGGCA	-322.361913019166	0	set1
AAAAAAAGGCC	-322.361913019166	0	set1
AAAAAAAGGMG	-322.361913019166	0	set1
AAAAAAAGGCT	-322.361913019166	0	set1
AAAAAAAGGGA	-322.361913019166	0	set1
AAAAAAAGGGC	-322.361913019166	0	set1
AAAAAAAGGGG	-322.361913019166	0	set1
AAAAAAAGGGT	-322.361913019166	0	set1
AAAAAAAGGTA	-322.361913019166	0	set1
AAAAAAAGGTC	-322.361913019166	0	set1
AAAAAAAGGTG	-322.361913019166	0	set1
AAAAAAAGGTT	-322.361913019166	0	set1
AAAAAAAGTAA	-322.361913019166	0	set1
AAAAAAAGTAC	-322.361913019166	0	set1
AAAAAAAGTAG	-322.361913019166	0	set1
AAAAAAAGTAT	-322.361913019166	0	set1
AAAAAAAGTCA	-322.361913019166	0	set1
AAAAAAAGTCC	-322.361913019166	0	set1
AAAAAAAGTMG	-322.361913019166	0	set1
AAAAAAAGTCT	-322.361913019166	0	set1
AAAAAAAGTGA	-322.361913019166	0	set1
AAAAAAAGTGC	-322.361913019166	0	set1
AAAAAAAGTGG	-322.361913019166	0	set1
AAAAAAAGTGT	-322.361913019166	0	set1
AAAAAAAGTTA	-322.361913019166	0	set1
AAAAAAAGTTC	-322.361913019166	0	set1
AAAAAAAGTTG	-322.361913019166	0	set1
AAAAAAAGTTT	-322.361913019166	0	set1
AAAAAAATAAA	-322.361913019166	0	set1
AAAAAAATAAC	-322.361913019166	0	set1
AAAAAAATAAG	-322.361913019166	0	set1
AAAAAAATAAT	-322.361913019166	0	set1
AAAAAAATACA	-322.361913019166	0	set1
AAAAAAATACC	-322.361913019166	0	set1
AAAAAAATAMG	-322.361913019166	0	set1
AAAAAAATACT	-322.361913019166	0	set1
AAAAAAATAGA	-322.361913019166	0	set1
AAAAAAATAGC	-322.361913019166	0	set1
AAAAAAATAGG	-322.361913019166	0	set1
AAAAAAATAGT	-322.361913019166	0	set1
AAAAAAATATA	-322.361913019166	0	set1
AAAAAAATATC	-322.361913019166	0	set1
AAAAAAATATG	-322.361913019166	0	set1
AAAAAAATATT	-322.361913019166	0	set1
AAAAAAATCAA	-322.361913019166	0	set1
AAAAAAATCAC	-322.361913019166	0	set1
AAAAAAATCAG	-322.361913019166	0	set1
AAAAAAATCAT	-322.361913019166	0	set1
AAAAAAATCCA	-322.361913019166	0	set1
AAAAAAATCCC	-322.361913019166	0	set1
AAAAAAATCMG	-322.361913019166	0	set1
AAAAAAATCCT	-322.361913019166	0	set1
AAAAAAATMGA	-322.361913019166	0	set1
AAAAAAATMGC	-322.361913019166	0	set1
AAAAAAATMGG	-322.361913019166	0	set1
AAAAAAATMGT	-322.361913019166	0	set1
AAAAAAATCTA	-322.361913019166	0	set1
AAAAAAATCTC	-322.361913019166	0	set1
AAAAAAATCTG	-322.361913019166	0	set1
AAAAAAATCTT	-322.361913019166	0	set1
AAAAAAATGAA	-322.361913019166	0	set1
AAAAAAATGAC	-322.361913019166	0	set1
AAAAAAATGAG	-322.361913019166	0	set1
AAAAAAATGAT	-322.361913019166	0	set1
AAAAAAATGCA	-322.361913019166	0	set1
AAAAAAATGCC	-322.361913019166	0	set1
AAAAAAATGMG	-322.361913019166	0	set1
AAAAAAATGCT	-322.361913019166	0	set1
AAAAAAATGGA	-322.361913019166	0	set1
AAAAAAATGGC	-322.361913019166	0	set1
AAAAAAATGGG	-322.361913019166	0	set1
AAAAAAATGGT	-322.361913019166	0	set1
AAAAAAATGTA	-322.361913019166	0	set1
AAAAAAATGTC	-322.361913019166	0	set1
AAAAAAATGTG	-322.361913019166	0	set1
AAAAAAATGTT	-322.361913019166	0	set1
AAAAAAATTAA	-322.361913019166	0	set1
AAAAAAATTAC	-322.361913019166	0	set1
AAAAAAATTAG	-322.361913019166	0	set1
AAAAAAATTAT	-322.361913019166	0	set1
AAAAAAATTCA	-322.361913019166	0	set1
AAAAAAATTCC	-322.361913019166	0	set1
AAAAAAATTMG	-322.361913019166	0	set1
AAAAAAATTCT	-322.361913019166	0	set1
AAAAAAATTGA	-322.361913019166	0	set1
AAAAAAATTGC	-322.361913019166	0	set1
AAAAAAATTGG	-322.361913019166	0	set1
AAAAAAATTGT	-322.361913019166	0	set1
AAAAAAATTTA	-322.361913019166	0	set1
AAAAAAATTTC	-322.361913019166	0	set1
AAAAAAATTTG	-322.361913019166	0	set1
AAAAAAATTTT	-322.361913019166	0	set1
AAAAAACAAAA	-322.361913019166	0	set1
AAAAAACAAAC	-322.361913019166	0	set1
AAAAAACAAAG	-322.361913019166	0	set1
AAAAAACAAAT	-322.361913019166	0	set1
AAAAAACAACA	-322.361913019166	0	set1
AAAAAACAACC	-322.361913019166	0	set1
AAAAAACAAMG	-322.361913019166	0	set1
AAAAAACAACT	-322.361913019166	0	set1
AAAAAACAAGA	-322.361913019166	0	set1
AAAAAACAAGC	-322.361913019166	0	set1
AAAAAACAAGG	-322.361913019166	0	set1
AAAAAACAAGT	-322.361913019166	0	set1
AAAAAACAATA	-322.361913019166	0	set1
AAAAAACAATC	-322.361913019166	0	set1
AAAAAACAATG	-322.361913019166	0	set1
AAAAAACAATT	-322.361913019166	0	set1
AAAAAACACAA	-322.361913019166	0	set1
AAAAAACACAC	-322.361913019166	0	set1
AAAAAACACAG	-322.361913019166	0	set1
AAAAAACACAT	-322.361913019166	0	set1
AAAAAACACCA	-322.361913019166	0	set1
AAAAAACACCC	-322.361913019166	0	set1
AAAAAACACMG	-322.361913019166	0	set1
AAAAAACACCT	-322.361913019166	0	set1
AAAAAACAMGA	-322.361913019166	0	set1
AAAAAACAMGC	-322.361913019166	0	set1
AAAAAACAMGG	-322.361913019166	0	set1
AAAAAACAMGT	-322.361913019166	0	set1
AAAAAACACTA	-322.361913019166	0	set1
AAAAAACACTC	-322.361913019166	0	set1
AAAAAACACTG	-322.361913019166	0	set1
AAAAAACACTT	-322.361913019166	0	set1
AAAAAACAGAA	-322.361913019166	0	set1
AAAAAACAGAC	-322.361913019166	0	set1
AAAAAACAGAG	-322.361913019166	0	set1
AAAAAACAGAT	-322.361913019166	0	set1
AAAAAACAGCA	-322.361913019166	0	set1
AAAAAACAGCC	-322.361913019166	0	set1
AAAAAACAGMG	-322.361913019166	0	set1
AAAAAACAGCT	-322.361913019166	0	set1
AAAAAACAGGA	-322.361913019166	0	set1
AAAAAACAGGC	-322.361913019166	0	set1
AAAAAACAGGG	-322.361913019166	0	set1
AAAAAACAGGT	-322.361913019166	0	set1
AAAAAACAGTA	-322.361913019166	0	set1
AAAAAACAGTC	-322.361913019166	0	set1
AAAAAACAGTG	-322.361913019166	0	set1
AAAAAACAGTT	-322.361913019166	0	set1
AAAAAACATAA	-322.361913019166	0	set1
AAAAAACATAC	-322.361913019166	0	set1
AAAAAACATAG	-322.361913019166	0	set1
AAAAAACATAT	-322.361913019166	0	set1
AAAAAACATCA	-322.361913019166	0	set1
AAAAAACATCC	-322.361913019166	0	set1
AAAAAACATMG	-322.361913019166	0	set1
AAAAAACATCT	-322.361913019166	0	set1
AAAAAACATGA	-322.361913019166	0	set1
AAAAAACATGC	-322.361913019166	0	set1
AAAAAACATGG	-322.361913019166	0	set1
AAAAAACATGT	-322.361913019166	0	set1
AAAAAACATTA	-322.361913019166	0	set1
AAAAAACATTC	-322.361913019166	0	set1
AAAAAACATTG	-322.361913019166	0	set1
AAAAAACATTT	-322.361913019166	0	set1
AAAAAACCAAA	-322.361913019166	0	set1
AAAAAACCAAC	-322.361913019166	0	set1
AAAAAACCAAG	-322.361913019166	0	set1
AAAAAACCAAT	-322.361913019166	0	set1
AAAAAACCACA	-322.361913019166	0	set1
AAAAAACCACC	-322.361913019166	0	set1
AAAAAACCAMG	-322.361913019166	0	set1
AAAAAACCACT	-322.361913019166	0	set1
AAAAAACCAGA	-322.361913019166	0	set1
AAAAAACCAGC	-322.361913019166	0	set1
AAAAAACCAGG	-322.361913019166	0	set1
AAAAAACCAGT	-322.361913019166	0	set1
AAAAAACCATA	-322.361913019166	0	set1
AAAAAACCATC	-322.361913019166	0	set1
AAAAAACCATG	-322.361913019166	0	set1
AAAAAACCATT	-322.361913019166	0	set1
AAAAAACCCAA	-322.361913019166	0	set1
AAAAAACCCAC	-322.361913019166	0	set1
AAAAAACCCAG	-322.361913019166	0	set1
AAAAAACCCAT	-322.361913019166	0	set1
AAAAAACCCCA	-322.361913019166	0	set1
AAAAAACCCCC	-322.361913019166	0	set1
AAAAAACCCMG	-322.361913019166	0	set1
AAAAAACCCCT	-322.361913019166	0	set1
AAAAAACCMGA	-322.361913019166	0	set1
AAAAAACCMGC	-322.361913019166	0	set1
AAAAAACCMGG	-322.361913019166	0	set1
AAAAAACCMGT	-322.361913019166	0	set1
AAAAAACCCTA	-322.361913019166	0	set1
AAAAAACCCTC	-322.361913019166	0	set1
AAAAAACCCTG	-322.361913019166	0	set1
AAAAAACCCTT	-322.361913019166	0	set1
AAAAAACMGAA	-322.361913019166	0	set1
AAAAAACMGAC	-322.361913019166	0	set1
AAAAAACMGAG	-322.361913019166	0	set1
AAAAAACMGAT	-322.361913019166	0	set1
AAAAAACMGCA	-322.361913019166	0	set1
AAAAAACMGCC	-322.361913019166	0	set1
AAAAAACMGMG	-322.361913019166	0	set1
AAAAAACMGCT	-322.361913019166	0	set1
AAAAAACMGGA	-322.361913019166	0	set1
AAAAAACMGGC	-322.361913019166	0	set1
AAAAAACMGGG	-322.361913019166	0	set1
AAAAAACMGGT	-322.361913019166	0	set1
AAAAAACMGTA	-322.361913019166	0	set1
AAAAAACMGTC	-322.361913019166	0	set1
AAAAAACMGTG	-322.361913019166	0	set1
AAAAAACMGTT	-322.361913019166	0	set1
AAAAAACCTAA	-322.361913019166	0	set1
AAAAAACCTAC	-322.361913019166	0	set1
AAAAAACCTAG	-322.361913019166	0	set1
AAAAAACCTAT	-322.361913019166	0	set1
AAAAAACCTCA	-322.361913019166	0	set1
AAAAAACCTCC	-322.361913019166	0	set1
AAAAAACCTMG	-322.361913019166	0	set1
AAAAAACCTCT	-322.361913019166	0	set1
AAAAAACCTGA	-322.361913019166	0	set1
AAAAAACCTGC	-322.361913019166	0	set1
AAAAAACCTGG	-322.361913019166	0	set1
AAAAAACCTGT	-322.361913019166	0	set1
AAAAAACCTTA	-322.361913019166	0	set1
AAAAAACCTTC	-322.361913019166	0	set1
AAAAAACCTTG	-322.361913019166	0	set1
AAAAAACCTTT	-322.361913019166	0	set1
AAAAAAMGAAA	-322.361913019166	0	set1
AAAAAAMGAAC	-322.361913019166	0	set1
AAAAAAMGAAG	-322.361913019166	0	set1
AAAAAAMGAAT	-322.361913019166	0	set1
AAAAAAMGACA	-322.361913019166	0	set1
AAAAAAMGACC	-322.361913019166	0	set1
AAAAAAMGAMG	-322.361913019166	0	set1
AAAAAAMGACT	-322.361913019166	0	set1
AAAAAAMGAGA	-322.361913019166	0	set1
AAAAAAMGAGC	-322.361913019166	0	set1
AAAAAAMGAGG	-322.361913019166	0	set1
AAAAAAMGAGT	-322.361913019166	0	set1
AAAAAAMGATA	-322.361913019166	0	set1
AAAAAAMGATC	-322.361913019166	0	set1
AAAAAAMGATG	-322.361913019166	0	set1
AAAAAAMGATT	-322.361913019166	0	set1
AAAAAAMGCAA	-322.361913019166	0	set1
AAAAAAMGCAC	-322.361913019166	0	set1
AAAAAAMGCAG	-322.361913019166	0	set1
AAAAAAMGCAT	-322.361913019166	0	set1
AAAAAAMGCCA	-322.361913019166	0	set1
AAAAAAMGCCC	-322.361913019166	0	set1
AAAAAAMGCMG	-322.361913019166	0	set1
AAAAAAMGCCT	-322.361913019166	0	set1
AAAAAAMGMGA	-322.361913019166	0	set1
AAAAAAMGMGC	-322.361913019166	0	set1
AAAAAAMGMGG	-322.361913019166	0	set1
AAAAAAMGMGT	-322.361913019166	0	set1
AAAAAAMGCTA	-322.361913019166	0	set1
AAAAAAMGCTC	-322.361913019166	0	set1
AAAAAAMGCTG	-322.361913019166	0	set1
AAAAAAMGCTT	-322.361913019166	0	set1
AAAAAAMGGAA	-322.361913019166	0	set1
AAAAAAMGGAC	-322.361913019166	0	set1
AAAAAAMGGAG	-322.361913019166	0	set1
AAAAAAMGGAT	-322.361913019166	0	set1
AAAAAAMGGCA	-322.361913019166	0	set1
AAAAAAMGGCC	-322.361913019166	0	set1
AAAAAAMGGMG	-322.361913019166	0	set1
AAAAAAMGGCT	-322.361913019166	0	set1
AAAAAAMGGGA	-322.361913019166	0	set1
AAAAAAMGGGC	-322.361913019166	0	set1
AAAAAAMGGGG	-322.361913019166	0	set1
AAAAAAMGGGT	-322.361913019166	0	set1
AAAAAAMGGTA	-322.361913019166	0	set1
AAAAAAMGGTC	-322.361913019166	0	set1
AAAAAAMGGTG	-322.361913019166	0	set1
AAAAAAMGGTT	-322.361913019166	0	set1
AAAAAAMGTAA	-322.361913019166	0	set1
AAAAAAMGTAC	-322.361913019166	0	set1
AAAAAAMGTAG	-322.361913019166	0	set1
AAAAAAMGTAT	-322.361913019166	0	set1
AAAAAAMGTCA	-322.361913019166	0	set1
AAAAAAMGTCC	-322.361913019166	0	set1
AAAAAAMGTMG	-322.361913019166	0	set1
AAAAAAMGTCT	-322.361913019166	0	set1
AAAAAAMGTGA	-322.361913019166	0	set1
AAAAAAMGTGC	-322.361913019166	0	set1
AAAAAAMGTGG	-322.361913019166	0	set1
AAAAAAMGTGT	-322.361913019166	0	set1
AAAAAAMGTTA	-322.361913019166	0	set1
AAAAAAMGTTC	-322.361913019166	0	set1
AAAAAAMGTTG	-322.361913019166	0	set1
AAAAAAMGTTT	-322.361913019166	0	set1
AAAAAACTAAA	-322.361913019166	0	set1
AAAAAACTAAC	-322.361913019166	0	set1
AAAAAACTAAG	-322.361913019166	0	set1
AAAAAACTAAT	-322.361913019166	0	set1
AAAAAACTACA	-322.361913019166	0	set1
AAAAAACTACC	-322.361913019166	0	set1
AAAAAACTAMG	-322.361913019166	0	set1
AAAAAACTACT	-322.361913019166	0	set1
AAAAAACTAGA	-322.361913019166	0	set1
AAAAAACTAGC	-322.361913019166	0	set1
AAAAAACTAGG	-322.361913019166	0	set1
AAAAAACTAGT	-322.361913019166	0	set1
AAAAAACTATA	-322.361913019166	0	set1
AAAAAACTATC	-322.361913019166	0	set1
AAAAAACTATG	-322.361913019166	0	set1
AAAAAACTATT	-322.361913019166	0	set1
AAAAAACTCAA	-322.361913019166	0	set1
AAAAAACTCAC	-322.361913019166	0	set1
AAAAAACTCAG	-322.361913019166	0	set1
AAAAAACTCAT	-322.361913019166	0	set1
AAAAAACTCCA	-322.361913019166	0	set1
AAAAAACTCCC	-322.361913019166	0	set1
AAAAAACTCMG	-322.361913019166	0	set1
AAAAAACTCCT	-322.361913019166	0	set1
AAAAAACTMGA	-322.361913019166	0	set1
AAAAAACTMGC	-322.361913019166	0	set1
AAAAAACTMGG	-322.361913019166	0	set1
AAAAAACTMGT	-322.361913019166	0	set1
